question,answer_pred,correct,token_prob_first,token_prob_mean,verbalized_conf
What is George Rankin's occupation?,George Rankin is a musician,False,0.8389483035509666,0.6922108549537456,1.0
What is John Mayne's occupation?,John Mayne is a musician,False,0.8364936077894868,0.611518327051218,1.0
What is Henry Feilden's occupation?,Henry Feilden is an architect,False,0.6781210932980415,0.7372234935242287,1.0
What is Kathy Saltzman's occupation?,Kathy Saltzman is a writer,False,0.4064225506060899,0.6916361004749851,1.0
What is Eleanor Davis's occupation?,Eleanor Davis is a teacher,False,0.9278351649680567,0.6943326906944268,1.0
What is Alexander Rinnooy Kan's occupation?,Alexander Rinnooy Kan is a mathematician,False,0.9093310241637541,0.6829688679500432,1.0
What is Scooter Braun's occupation?,Scooter Braun is an entertainment executive,False,0.8899370410748413,0.5169968718347353,1.0
What is Leona Detiège's occupation?,Leona Detiège is a journalist,False,0.8120578553679019,0.7004812986803184,1.0
"What is William Murray, 1st Earl of Mansfield's occupation?","William Murray, 1st Earl of Mansfield was a judge",False,0.8350918910787496,0.8419833442641225,1.0
What is Þorsteinn Bachmann's occupation?,Þorsteinn Bachmann is a politician,False,0.9999285936385295,0.6707811518166774,1.0
What is Herlyn Espinal's occupation?,Herlyn Espinal is a writer,False,0.8150545923850556,0.6729840054167667,1.0
What is Jacob Kraemer's occupation?,Jacob Kraemer is a software engineer,False,0.6594573776998822,0.6803124473824853,1.0
What is Fred C. Newmeyer's occupation?,Fred C. Newmeyer is an attorney,False,0.7710645764736042,0.790940495646073,1.0
What is Edward Corser's occupation?,Edward Corser is a lawyer,False,0.8525061029211128,0.7145226166571325,1.0
What is Bae Geu-rin's occupation?,Bae Geu-rin is a singer,False,0.8486032511983416,0.7231069086972656,1.0
What is Javier Alva Orlandini's occupation?,Javier Alva Orlandini is a mathematician,False,0.7244222698448264,0.8126807281634606,1.0
What is Edgar Allan Poe's occupation?,Edgar Allan Poe was a writer,False,0.8631218732499155,0.8215769194338483,1.0
What is John Finlay's occupation?,John Finlay is a lawyer,False,0.8497259615612366,0.6105182399468487,1.0
What is John Floyd's occupation?,John Floyd is a retired NFL quarterback,False,0.8753070857282689,0.6556956626530523,1.0
What is Sachiko Kokubu's occupation?,Sachiko Kokubu is a singer,False,0.6757962161889743,0.6859781942105962,1.0
What is Rudolf Hilferding's occupation?,Rudolf Hilferding was an economist,False,0.8332048649178047,0.6693708981648706,1.0
"What is Charles Strachey, 4th Baron O'Hagan's occupation?","Charles Strachey, 4th Baron O'Hagan is an author",False,0.7738655692735341,0.7126136687226862,1.0
What is Akari Hayami's occupation?,Akari Hayami is a writer,False,0.8594425334690684,0.723013682508514,1.0
What is Richard Martin's occupation?,Richard Martin is a musician,False,0.9335619801304594,0.6428890644202504,1.0
"What is Harvey Peltier, Sr.'s occupation?","Harvey Peltier, Sr. is an American anarchist and former member of the Revolutionary Communist Party",False,0.8101896655005757,0.5964279895751667,1.0
What is Paris's occupation?,Paris is a city,False,0.7476925329280948,0.666803443787003,0.0
What is Fairfax M. Cone's occupation?,Fairfax M. Cone is an attorney,False,0.745208551359861,0.7467248466305444,1.0
What is Colleen Zenk Pinter's occupation?,Colleen Zenk Pinter is an attorney,False,0.9080377216196791,0.6568719156318003,1.0
What is Thomas McMurtry's occupation?,Thomas McMurtry is an author,False,0.8656802765357265,0.565665536974781,1.0
What is Albert Bates's occupation?,Albert Bates is a retired police officer,False,0.8508390762082579,0.6244360349110444,1.0
What is Heath's occupation?,Heath is a teacher,False,0.7216366611200464,0.6629346805026816,1.0
What is Wise's occupation?,Wise is an author,False,0.9640635241876914,0.6898505784058835,1.0
What is Stevie Cameron's occupation?,Stevie Cameron is a musician,False,0.9339201428798695,0.6039679563485757,1.0
What is Yoshiki Tonogai's occupation?,Yoshiki Tonogai is a Japanese manga artist,False,0.8943925471086344,0.6834539925403816,1.0
What is Geeling Ng's occupation?,Geeling Ng is a software engineer,False,0.9384693487461594,0.6514255539340579,1.0
What is Bruce McDaniel's occupation?,Bruce McDaniel is a writer,False,0.792768296850315,0.6670045745890426,1.0
What is Thomas R. Whitney's occupation?,Thomas R. Whitney is an attorney,False,0.8387978013531582,0.7980512931072059,1.0
What is William Lescaze's occupation?,William Lescaze is a painter,False,0.9294043800720958,0.7003774467709324,1.0
What is Edwin Wallock's occupation?,Edwin Wallock is a lawyer,False,0.6245485613961308,0.6926984955837259,1.0
What is Tsutomu Seki's occupation?,Tsutomu Seki is a Japanese video game developer,False,0.8351603101075458,0.6977649451090647,1.0
What is Matthew McKay's occupation?,Matthew McKay is an actor,False,0.9729851485749467,0.6869034453410819,1.0
What is Dominick Bellizzi's occupation?,Dominick Bellizzi is a chef,False,0.8950128567937683,0.7128126003425569,1.0
What is William Watson's occupation?,William Watson is a lawyer,False,0.8887304039553828,0.6078836260127314,1.0
What is Sarah Dawn Finer's occupation?,Sarah Dawn Finer is an actress,False,0.8522523027509112,0.6211781975586812,1.0
What is Brendan Canty's occupation?,Brendan Canty is a professional footballer,False,0.6779003799445651,0.6678642778032079,1.0
What is María Elena Marqués's occupation?,María Elena Marqués is a journalist,False,0.8715859587643763,0.6717338591859944,1.0
What is Michael Arad's occupation?,Michael Arad is an architect,True,0.8211066107790064,0.7316934747651995,1.0
What is Patrick O'Brien Demsey's occupation?,Patrick O'Brien Demsey is a lawyer,False,0.7630171115110875,0.7034953309904146,1.0
What is Ole Krarup's occupation?,Ole Krarup is a Danish chef,False,0.8233010156099623,0.6749635465453216,1.0
What is Antonio Álvarez Alonso's occupation?,Antonio Álvarez Alonso is a lawyer,False,0.3564787847322639,0.7063088260466384,1.0
What is Boutheina Jabnoun's occupation?,Boutheina Jabnoun is a journalist,False,0.8395245114151343,0.7312090068945305,1.0
What is Robert Viharo's occupation?,Robert Viharo is a software engineer,False,0.8163014058142916,0.6794282707733591,1.0
What is Ankita Sharma's occupation?,Ankita Sharma is a model,False,0.7508595039294014,0.6570944698371248,1.0
What is Robby Krieger's occupation?,Robby Krieger is an electronic musician,False,0.9157156966981793,0.7016055348905993,1.0
What is Paul's occupation?,Paul is a teacher,False,0.8114674637597006,0.6946885457763332,1.0
What is Shozaburo Nakamura's occupation?,Shozaburo Nakamura was a Japanese businessman,False,0.8505802715208821,0.6317412126427442,1.0
What is Esquerita's occupation?,Esquerita is a street performer,False,0.9080277088707034,0.6359993735700935,1.0
What is Derek Wheatley's occupation?,Derek Wheatley is a writer,False,0.8323224134560723,0.6891079986662931,1.0
What is Herman A. Barnett's occupation?,Lawyer,False,0.30117297835615936,0.7462102406552236,1.0
What is Modou Dia's occupation?,Modou Dia is a journalist,False,0.9070138338411035,0.6132660057034135,1.0
What is Alex Krieps's occupation?,Alex Krieps is a software engineer,False,0.8574884592838219,0.6432422797554874,1.0
What is Veronica Franco's occupation?,Veronica Franco is a writer,False,0.679396100479866,0.6527591497183038,1.0
What is Maev-Ann Wren's occupation?,Maev-Ann Wren is a writer,False,0.8217576106904754,0.712862367100512,1.0
"What is Norman Crowther Hunt, Baron Crowther-Hunt's occupation?","Norman Crowther Hunt, Baron Crowther-Hunt is an author",False,0.7434463595444074,0.7883233342008462,1.0
What is Vincenzo Di Nicola's occupation?,Vincenzo Di Nicola is an Italian footballer,False,0.8845844284908093,0.695695819910835,1.0
What is Tor Aulin's occupation?,Tor Aulin is a musician,False,0.9533499494014257,0.7953779695970298,1.0
What is Henry Tizard's occupation?,Henry Tizard is an engineer,False,0.7967889342182002,0.7496508787624534,1.0
What is Glenn Albrecht's occupation?,Glenn Albrecht is an anthropologist,False,0.2459846934625848,0.6706114347815308,1.0
What is Thomas Hinds's occupation?,Thomas Hinds is an actor,False,0.9498044247923595,0.6970948604199607,1.0
What is Tobias Lindholm's occupation?,Tobias Lindholm is a Swedish singer-songwriter,False,0.6365085861622451,0.657751182593797,1.0
What is Lisa McRee's occupation?,Lisa McRee is a singer,False,0.8762265454416355,0.6083003399609966,1.0
What is Rick Gilmore's occupation?,Rick Gilmore is an actress,False,0.9186945564183081,0.6921122662619793,1.0
What is Jon Eikemo's occupation?,Jon Eikemo is an economist,False,0.5384106549285874,0.6967276147853375,1.0
What is Jilly Cooper's occupation?,Jilly Cooper is a novelist,False,0.5049024276601921,0.6347714583132777,1.0
What is Ingrid Martinez's occupation?,Ingrid Martinez is a writer,False,0.7458609358122141,0.6012240236121081,1.0
What is Teddy Riley's occupation?,Teddy Riley is an author and record producer,False,0.9806709296059731,0.6833319436964927,1.0
What is Gillian Raine's occupation?,Gillian Raine is a writer,False,0.821748977910274,0.6674549682280563,1.0
What is Tolis Voskopoulos's occupation?,Tolis Voskopoulos is a lawyer,False,0.8198630865556831,0.7265088270046556,1.0
What is Marco Ameglio's occupation?,Marco Ameglio is a professional cyclist,False,0.8527194312363907,0.6519105659723273,1.0
What is Mohd Sharkar Shamsudin's occupation?,Mohd Sharkar Shamsudin is a software engineer,False,0.8962078113351746,0.722442576052837,1.0
What is Anthony Sharp's occupation?,Anthony Sharp is a software engineer,False,0.7203094942196069,0.6535416131577318,1.0
What is Valgerður Bjarnadóttir's occupation?,Valgerður Bjarnadóttir is an Icelandic politician,False,0.8099604240240338,0.7832742914281995,1.0
What is Wallace Dollase's occupation?,Wallace Dollase is a lawyer,False,0.9792913796650595,0.7745296865947678,1.0
What is Claire Berlinski's occupation?,Claire Berlinski is a writer,False,0.6938384709534541,0.6350845955093488,1.0
What is James Cook's occupation?,James Cook was a navigator and explorer,False,0.6397634797966655,0.7347000080208551,1.0
What is Russell Stokes's occupation?,Russell Stokes is a cricketer,False,0.3848416715008298,0.636322818210474,1.0
What is Henk Bleker's occupation?,Henk Bleker is an architect,False,0.9644874943175766,0.7737060349622656,1.0
What is Jim Brown's occupation?,Jim Brown is a former American football player,False,0.9678980715394957,0.5996330146749406,1.0
What is Christoph Schlingensief's occupation?,Christoph Schlingensief is a film director,False,0.5229608509571835,0.7189709797936404,1.0
What is C. E. Webber's occupation?,C. E. Webber is an author,False,0.5259555647282221,0.784175603043334,1.0
What is Gladwyn Jebb's occupation?,Gladwyn Jebb is a writer,False,0.9803347590810789,0.8865365297244243,1.0
What is Dean Alfange's occupation?,Dean Alfange is a writer,False,0.966614900178531,0.6772247368587853,1.0
"What is Tyler, the Creator's occupation?","Tyler, the Creator is an artist",False,0.7523143208286188,0.6960121281020522,1.0
What is Edwin E. Ellis's occupation?,Edwin E. Ellis is an astronomer,False,0.5430627002484125,0.7656126069293671,1.0
What is Muhammad Ali Luqman's occupation?,Muhammad Ali Luqman is a writer,False,0.8139445798966838,0.6568372494824422,1.0
What is Ivo Perilli's occupation?,Ivo Perilli is a film director,False,0.702309431315659,0.7302798076108071,1.0
What is Nathan Purdee's occupation?,Nathan Purdee is an actor,False,0.8553468567854219,0.8175308690466169,1.0
What is Joseph Weydemeyer's occupation?,Joseph Weydemeyer is an engineer,False,0.9423860293624267,0.8025671585646371,1.0
What is Ai's occupation?,Ai is a programmer,False,0.8269270113868059,0.6518387908474873,1.0
What is Rinaldo del Mel's occupation?,Rinaldo del Mel is a painter,False,0.8961345580160482,0.7508468669234208,1.0
"What is Francis Howard, 5th Baron Howard of Effingham's occupation?","Francis Howard, 5th Baron Howard of Effingham was a lawyer",False,0.5346909052170056,0.6478859574819252,1.0
What is Luís Marques Guedes's occupation?,Luís Marques Guedes is an economist,False,0.798073115501523,0.7439569577885068,1.0
What is Nigel Sheinwald's occupation?,Nigel Sheinwald is a politician,False,0.9050106375309731,0.56277536447413,1.0
What is Ge You's occupation?,Ge You is a Chinese singer and actor,False,0.9608957164972628,0.5849806075051327,1.0
What is Annie Beustes's occupation?,Annie Beustes is a writer,False,0.7404791035881234,0.6929895352767304,1.0
What is Kazuyoshi Sekine's occupation?,Kazuyoshi Sekine is a manga artist,False,0.4730825476503368,0.6718407480250878,1.0
What is Elisa Bridges's occupation?,Elisa Bridges is an author,False,0.6358436377415102,0.6037606241538035,1.0
What is Domingo Eyzaguirre's occupation?,Domingo Eyzaguirre is a Spanish politician,False,0.5704112587704269,0.6838945472568271,1.0
What is Karol Życzkowski's occupation?,Karol Życzkowski is a mathematician,False,0.925642847735972,0.735499332736011,1.0
What is Joyce Tang's occupation?,Joyce Tang is a politician,False,0.8669063389876791,0.6112927938581612,1.0
What is Suzanne Lilar's occupation?,Suzanne Lilar is an actress,False,0.5960117028110586,0.6235629742958194,1.0
What is Karen Redman's occupation?,Karen Redman is an author,False,0.7437547966741952,0.6440831779230144,1.0
What is Jean-Yves Daniel-Lesur's occupation?,Jean-Yves Daniel-Lesur is a French politician,False,0.8691259667668475,0.6008903085594173,1.0
What is Eduard Looijenga's occupation?,Eduard Looijenga is a mathematician,True,0.5369690041140672,0.8123674931965971,1.0
What is Petrus Camper's occupation?,Petrus Camper was a mathematician and astronomer,False,0.897195937040712,0.6641135381707346,1.0
What is Charles Harrison's occupation?,Charles Harrison is an actor,False,0.8632863748798232,0.6779339903329654,1.0
What is Pathit Pisitkul's occupation?,Pathit Pisitkul is an actor,False,0.9356099981174826,0.7308002182310743,1.0
What is Jacopo Melani's occupation?,Jacopo Melani is an Italian Renaissance painter,False,0.42346556036975314,0.6748871200540294,1.0
What is Jeremiah Smith's occupation?,Jeremiah Smith is a lawyer,False,0.7916306906483387,0.6507125791635294,1.0
What is Richard Harris's occupation?,Richard Harris is an actor,False,0.8602924981903546,0.6989654245847999,1.0
What is Peter W. Barca's occupation?,Peter W. Barca is an engineer,False,0.889226497021521,0.7086354026485664,1.0
"What is Harold Lever, Baron Lever of Manchester's occupation?","Harold Lever, Baron Lever of Manchester was an industrialist and engineer",False,0.6155635101550095,0.6410136758153937,1.0
What is Peter Murnoy's occupation?,Peter Murnoy is a software engineer,False,0.957061232496177,0.6709260982703488,1.0
What is Spencer Williams's occupation?,Spencer Williams is an actor,False,0.7200332897072023,0.6999957141402409,1.0
What is Richard Lui's occupation?,Richard Lui is an entrepreneur,False,0.9571717391768317,0.6612695539786726,1.0
What is Charlotte von Hagn's occupation?,Charlotte von Hagn is a writer,False,0.6996483228194423,0.5989947428197299,1.0
What is James M. Geraghty's occupation?,James M. Geraghty is an attorney,False,0.7285482799855788,0.6711089377371394,1.0
What is Michael Hutchings's occupation?,Michael Hutchings is an actor,False,0.9071777450803246,0.6971793650030739,1.0
What is Gideon Olin's occupation?,Gideon Olin is a lawyer,False,0.8951595395098122,0.7368984110808406,1.0
What is Cecil Aldin's occupation?,Cecil Aldin is an actor,False,0.4778935550341726,0.6715249002762811,1.0
What is Malcolm David Kelley's occupation?,Malcolm David Kelley is an author,False,0.792264944047653,0.69905852499767,1.0
What is James Alex Msekela's occupation?,James Alex Msekela is a politician,False,0.7625778391309652,0.6294949580308953,1.0
What is Nancy Landon Kassebaum's occupation?,Nancy Landon Kassebaum is a former United States Senator from Kansas,False,0.4668861067611401,0.6701742460083956,1.0
What is Reinhold Mack's occupation?,Reinhold Mack is a painter,False,0.514691948221621,0.6369567996870075,1.0
What is Del Quentin Wilber's occupation?,Del Quentin Wilber is a lawyer,False,0.5378118667808822,0.7348861294903777,1.0
What is Pierre Pansu's occupation?,Pierre Pansu is a mathematician,True,0.8712378166201409,0.8515707641564929,1.0
What is Larry Coon's occupation?,Larry Coon is a software engineer,False,0.9016484648653247,0.6632782877597267,1.0
What is Masayoshi Nataniya's occupation?,Masayoshi Nataniya is an industrialist,False,0.7017868668519855,0.5999758436651145,1.0
What is Leonida Tonelli's occupation?,Leonida Tonelli is an Italian mathematician,True,0.8141352535667462,0.6429604191295479,1.0
What is Judith Rakers's occupation?,Judith Rakers is a professor of music,False,0.49461236574604434,0.620722993906798,1.0
What is Hiroyuki Arai's occupation?,"Hiroyuki Arai is a Japanese singer, songwriter, and record producer",False,0.8645322866310136,0.6551485440352646,1.0
What is Ernst Timme's occupation?,Ernst Timme is an economist,False,0.6045079708808273,0.6527012593972783,1.0
What is Bill Kintner's occupation?,Bill Kintner is an engineer,False,0.9643287652282073,0.7284845201876554,1.0
What is Francesco Vettori's occupation?,Francesco Vettori was an architect and painter,False,0.4446166530573548,0.6793577870533982,1.0
What is Melinda Mullins's occupation?,Melinda Mullins is a writer,False,0.7742141526183832,0.629186450666008,1.0
What is Tachibana no Moroe's occupation?,Tachibana no Moroe is a ninja,False,0.8171966074849655,0.7797229497792183,1.0
What is Susan Kent's occupation?,Susan Kent is an author,False,0.4697896880443789,0.6283548858160541,1.0
What is Meyer Lutz's occupation?,Meyer Lutz is a German politician,False,0.8658426982553721,0.6008580044157658,1.0
What is Ludwig Lichtschein's occupation?,Ludwig Lichtschein is a physicist,False,0.23722879118330978,0.6927312613640537,1.0
What is Will Smith's occupation?,Actor,True,0.46498725509271716,0.7304848205253011,1.0
What is Marjorie Margolies-Mezvinsky's occupation?,Marjorie Margolies-Mezvinsky is an attorney,False,0.7965925301871797,0.7273312467439333,1.0
What is Władysław Sławny's occupation?,Władysław Sławny was a Polish general and politician,False,0.799575206062125,0.7137837680339583,1.0
What is Pierre Chatenet's occupation?,Pierre Chatenet is a historian,False,0.8693644400829788,0.5981101043709854,1.0
What is Friedrich Carl von Savigny's occupation?,Lawyer,False,0.5363391786503874,0.7212397678203122,1.0
What is Luciano Vincenzoni's occupation?,Luciano Vincenzoni is a lawyer,False,0.9480659362775186,0.7158715875595532,1.0
What is Thandiswa Mazwai's occupation?,Thandiswa Mazwai is a singer,False,0.67823852114394,0.7969320613112925,1.0
What is Ameer Sultan's occupation?,Ameer Sultan is a politician,False,0.8986419438567472,0.663765083313134,1.0
What is Wenceslao Vinzons's occupation?,Wenceslao Vinzons is a Filipino mathematician,False,0.7507843868995958,0.7182172072248808,1.0
What is Maurizio Belpietro's occupation?,Maurizio Belpietro is a chef,False,0.8258423248238012,0.7077794081950315,1.0
What is Dash's occupation?,Dash is a software engineer,False,0.9146174783349306,0.6709444681994691,1.0
What is Baton Haxhiu's occupation?,Baton Haxhiu is a musician,False,0.7936562343783174,0.715446910363344,1.0
What is Johnson's occupation?,Johnson is a teacher,False,0.8267188668016243,0.6427010177311402,1.0
What is Samuel Wells Williams's occupation?,Samuel Wells Williams was an American lawyer and politician,False,0.9398608785992605,0.5897460847531473,1.0
What is Walter Köbel's occupation?,Walter Köbel is a historian,False,0.39713324243603504,0.6654791254012087,1.0
What is Debbie Johnson's occupation?,Debbie Johnson is a writer,False,0.45329473425983013,0.6618814378652768,1.0
What is John Scurti's occupation?,John Scurti is a lawyer,False,0.91985291420181,0.7191160134172667,1.0
What is John Barnes's occupation?,John Barnes is a novelist,False,0.7689607129560077,0.767533622412558,1.0
What is Kekko Fornarelli's occupation?,Kekko Fornarelli is a chef,False,0.8144683815688492,0.7374790314335954,1.0
What is T Power's occupation?,T Power is an actor,False,0.9165364494700479,0.7084442616916887,1.0
What is Adil Shamoo's occupation?,Adil Shamoo is a writer,False,0.9609107975356698,0.6301373026137788,1.0
What is Patrick Mulvany's occupation?,Patrick Mulvany is a lawyer,False,0.8314103448181808,0.7432708960210698,1.0
What is Graham Collier's occupation?,Graham Collier is a writer,False,0.8279355179816464,0.6713789154337773,1.0
What is Arcangelo Ghisleri's occupation?,Composer,False,0.3169309929734321,0.6602238873173765,1.0
What is Carlos María Ramírez's occupation?,Carlos María Ramírez is a composer and conductor,False,0.30146996752725885,0.6507029763911052,1.0
What is Tina Sloan's occupation?,Tina Sloan is a writer,False,0.46082540129065064,0.6548406854910014,1.0
What is Andrew Trischitta's occupation?,Andrew Trischitta is a professional basketball player,False,0.7699977099367726,0.6461881318151349,1.0
What is Gerard Kennedy's occupation?,Gerard Kennedy is a writer,False,0.9146758321710667,0.6305568304583886,1.0
What is Giora Godik's occupation?,Giora Godik is a software engineer,False,0.9340934123505698,0.7183972239297096,1.0
What is Lillian Lawrence's occupation?,Lillian Lawrence is an author,False,0.7449396939588693,0.661971426159407,1.0
What is Philip Rosenberg's occupation?,Philip Rosenberg is a journalist,False,0.5455710243412515,0.7405347657023772,1.0
What is Sudarshan Faakir's occupation?,Sudarshan Faakir is a writer,False,0.9154475322081019,0.7075561012251769,1.0
What is Shonali Bose's occupation?,Shonali Bose is an actress,False,0.6984175418620728,0.6947630600730413,1.0
What is Bruce Cockburn's occupation?,Bruce Cockburn is a singer-songwriter,False,0.40276087121545184,0.6581242996939591,1.0
What is Archibald Thomas Pechey's occupation?,Archibald Thomas Pechey is a retired British mathematician,False,0.8512088613165063,0.6477715533032447,1.0
What is Thomas Challis's occupation?,Thomas Challis is a historian,False,0.9290902639621996,0.6516292832089186,1.0
What is Mariana Vicente's occupation?,Mariana Vicente is a writer,False,0.8898518094664795,0.6966550047439052,1.0
What is Huntington Wilson's occupation?,Huntington Wilson is an actor,False,0.21276735856931525,0.6662386474531841,1.0
What is Gaziza Zhubanova's occupation?,Gaziza Zhubanova is a Russian actress,False,0.887668907453105,0.6611052561464074,1.0
What is Ek Yi Oun's occupation?,Ek Yi Oun is a singer,False,0.7106232723434487,0.8802390507460828,1.0
What is Benjamin Mount's occupation?,Benjamin Mount is a historian,False,0.8292347182063515,0.6583695756769392,1.0
What is Ivan Mládek's occupation?,Ivan Mládek is a politician,False,0.8971734034338013,0.6430460706050014,1.0
What is Bala's occupation?,Bala is a doctor,False,0.9162494556308088,0.6815792285160558,1.0
What is Steve Tom's occupation?,Steve Tom is a professional footballer,False,0.8751529429981368,0.656602308174336,1.0
What is Ilja Rosendahl's occupation?,Ilja Rosendahl is a software engineer,False,0.9165804958284206,0.7082003720804568,1.0
What is Ron Nyswaner's occupation?,Ron Nyswaner is a former professional football player,False,0.9120411903744964,0.6500490961078651,1.0
What is Thanasis Pafilis's occupation?,Thanasis Pafilis is a software engineer,False,0.9279451351547056,0.7089323865335222,1.0
What is Nicholas Sanduleak's occupation?,Nicholas Sanduleak is a geologist,False,0.6420623603948576,0.6220717074575927,1.0
What is Christopher Butson's occupation?,Christopher Butson is a writer,False,0.8000742140575403,0.6693853574121237,1.0
What is Otto Frankel's occupation?,Otto Frankel was a businessman,False,0.9069512454453377,0.6459581908141586,1.0
What is Hate Man's occupation?,"Hate Man is a fictional character from the Marvel Comics universe, and his occupation is not explicitly stated in the provided information. Therefore, I cannot provide a specific answer to this question",False,0.6959575973071523,0.5540808569932815,0.0
What is Rich Brightman's occupation?,Rich Brightman is an actor,False,0.9016031611295799,0.7175977607285866,1.0
What is Mr. Porter's occupation?,Mr. Porter is a fashion designer,False,0.8563970934938975,0.7620774564152283,1.0
What is Felix Walker's occupation?,Felix Walker is a writer,False,0.6592673570776133,0.6278103254900216,1.0
What is Javad Maroufi's occupation?,Javad Maroufi is a software engineer,False,0.9006941888012832,0.7223830949479256,1.0
What is Franz Seitz Sr.'s occupation?,Franz Seitz Sr. was a lawyer,False,0.3699239478142173,0.7239041803720885,1.0
What is Chris Jericho's occupation?,Chris Jericho is a professional wrestler,False,0.9283085435500953,0.7602458553888364,1.0
What is Frederick Dundas's occupation?,Frederick Dundas is a lawyer,False,0.8488444668752221,0.7323585462491795,1.0
What is Aim's occupation?,Aim is a singer-songwriter,False,0.5771800830523062,0.6176053288755563,1.0
What is Nadia Giosia's occupation?,Nadia Giosia is a writer,False,0.6628029961655784,0.6619801685962309,1.0
"What is Adele Capell, Countess of Essex's occupation?","Adele Capell, Countess of Essex is a member of the House of Capell",False,0.8564668241366391,0.7113748278215545,1.0
What is Edward Francis Hutton's occupation?,Edward Francis Hutton is an architect,False,0.8792283531949526,0.6511345492072084,1.0
What is Kanye West's occupation?,Musician,False,0.6938294140495312,0.8111088543171987,1.0
What is Hawthorne James's occupation?,Hawthorne James is an author,False,0.2818977355638822,0.6955452896430675,1.0
What is Sırrı Süreyya Önder's occupation?,Sırrı Süreyya Önder is a Turkish military officer,False,0.5344969154817305,0.720870053252589,1.0
What is Edward Norton's occupation?,Edward Norton is an actor,False,0.4121817656112769,0.6894548905657519,1.0
What is Linden Ashby's occupation?,Linden Ashby is a writer,False,0.9397987718958003,0.7153215910547747,1.0
What is Lord Frederick Spencer Hamilton's occupation?,Lord Frederick Spencer Hamilton is a peer and a member of the House of Lords,False,0.6816498631946966,0.645219779613514,1.0
What is Ann Friedman's occupation?,Ann Friedman is a journalist,False,0.8986305014837657,0.619106385002537,1.0
What is Olav T. Laake's occupation?,Olav T. Laake is a professor,False,0.8550053285164511,0.7680527725160574,1.0
What is Carolyn Eisele's occupation?,Carolyn Eisele is a historian,False,0.7259575020403438,0.6619584466632121,1.0
What is Jonathan Le Billon's occupation?,Jonathan Le Billon is a lawyer,False,0.39166207052566393,0.5980111873960403,1.0
What is Mildred Okwo's occupation?,Mildred Okwo is a Nigerian epidemiologist,False,0.57566989531276,0.6127236623401575,1.0
What is Eliza Lawrence's occupation?,Eliza Lawrence is a writer,False,0.6759600572200796,0.6807702328628866,1.0
What is Charles Combe's occupation?,Charles Combe is a historian,False,0.8232725294790444,0.6656682044520057,1.0
What is GQ's occupation?,GQ is a magazine,False,0.8058432900811239,0.6816271352772962,0.0
What is John D. Maurice's occupation?,John D. Maurice is an engineer,False,0.672577550813209,0.6356961849157118,1.0
What is Harvey Benge's occupation?,Harvey Benge is a retired American football player,False,0.9208958718650067,0.6154613780657702,1.0
What is William Greaves's occupation?,William Greaves is an engineer,False,0.9235310527303645,0.735846573933523,1.0
What is David Joyce's occupation?,David Joyce is a mathematician,False,0.9271325471177463,0.8080537902551951,1.0
What is Emmanuel Nnamdi Uba's occupation?,Emmanuel Nnamdi Uba is a lawyer,False,0.4290666003691532,0.6434940301497619,1.0
What is Zhu Houren's occupation?,Zhu Houren is a historian,False,0.8863064644355684,0.8850621211595352,1.0
What is Ayumi Hamasaki's occupation?,"Ayumi Hamasaki is a singer, songwriter, and actress",False,0.64135307545094,0.7360710165420414,1.0
What is Kristina Lugn's occupation?,Kristina Lugn is a journalist,False,0.6886308180434818,0.700695787419484,1.0
What is Luca Coscioni's occupation?,Luca Coscioni is an Italian comedian and actor,False,0.893386481578512,0.6904666614688001,1.0
What is Raymond S. Burton's occupation?,Raymond S. Burton is an author,False,0.9070477517714425,0.6651930186346474,1.0
What is Beth Hart's occupation?,Beth Hart is a singer-songwriter,False,0.6734010564642724,0.6859794155312191,1.0
What is Benazir Bhutto's occupation?,Benazir Bhutto was an politician,False,0.40251831141135014,0.6495910641028708,1.0
What is Alan Huckle's occupation?,Alan Huckle is a writer,False,0.6670096484322239,0.6670903587216008,1.0
What is Gunnar Uldall's occupation?,Gunnar Uldall is a politician,False,0.9237603577472561,0.5739335716051037,1.0
What is Vishwanath Rao Ringe's occupation?,Vishwanath Rao Ringe is an Indian politician,False,0.7437207732253793,0.7225942115371489,1.0
What is Alfred Mombert's occupation?,Alfred Mombert was a French mathematician,False,0.5819395917585408,0.644077976338656,1.0
What is Famke Janssen's occupation?,Actress,True,0.20419832459041423,0.7052359242417491,1.0
What is Sylwester Braun's occupation?,Sylwester Braun is a Polish composer and conductor,False,0.9021767397680559,0.5872895993773621,1.0
What is Jack Mackenzie's occupation?,Jack Mackenzie is a writer,False,0.8712052702130211,0.6796458799939876,1.0
What is Kiko Mizuhara's occupation?,Kiko Mizuhara is a singer and actress,False,0.7690981573779672,0.7262175489763043,1.0
What is Michael Radford's occupation?,Michael Radford is a politician,False,0.9159817695182982,0.6903956456077402,1.0
What is Henry Campbell-Bannerman's occupation?,Henry Campbell-Bannerman was a politician,False,0.6733745860851539,0.6669230954594515,1.0
What is Robert Voisey's occupation?,Robert Voisey is an artist,False,0.8488596075858224,0.6513853038142876,1.0
What is Richard Vaughan's occupation?,Richard Vaughan is a writer,False,0.9460805071325462,0.6381522496099529,1.0
What is Brian Eno's occupation?,Brian Eno is an artist and musician,False,0.5873186509340574,0.6360159878021192,1.0
What is Ernst Theodor Echtermeyer's occupation?,Ernst Theodor Echtermeyer was a painter,False,0.29296531145145427,0.679864044756111,1.0
What is Felicia Chateloin's occupation?,Felicia Chateloin is a writer,False,0.9486069677635719,0.649943399261186,1.0
What is Debra Weeks's occupation?,Debra Weeks is a writer,False,0.8740414912467008,0.6789575594956354,1.0
What is Bedřich Feigl's occupation?,Bedřich Feigl was a Czech composer and musicologist,False,0.6769965348715081,0.680137816294866,1.0
What is Richard Marles's occupation?,Richard Marles is a politician,False,0.9446716921397045,0.668047759407229,1.0
What is Burna Boy's occupation?,Burna Boy is a rapper,False,0.7571218648552719,0.7477677229435618,1.0
What is Michael Costa's occupation?,Michael Costa is an author,False,0.8931732208821528,0.6191066637405787,1.0
What is Edward F. Cox's occupation?,Edward F. Cox is an attorney,False,0.6544382008020752,0.6371044652419663,1.0
What is Sven Alkalaj's occupation?,Sven Alkalaj is a software engineer,False,0.9242295640148555,0.7261374015374152,1.0
What is Glenn Gould's occupation?,Glenn Gould was a pianist,False,0.928698774877373,0.8467449572245805,1.0
What is Alex Reid's occupation?,Alex Reid is a writer,False,0.7148275297045628,0.6564077248175346,1.0
What is Isabelle Adriani's occupation?,Isabelle Adriani is a writer,False,0.8541328918471074,0.7125375415591491,1.0
What is Edward Gunasekara's occupation?,Edward Gunasekara is a software engineer,False,0.8487258550145537,0.712571948284119,1.0
What is David M. Westcott's occupation?,David M. Westcott is an author,False,0.8562138734294047,0.7750673800638421,1.0
What is Carl Linnaeus's occupation?,Carl Linnaeus was a botanist and zoologist,False,0.5525269458133929,0.7996374395415236,1.0
What is Firaq Gorakhpuri's occupation?,Firaq Gorakhpuri is a singer and songwriter,False,0.8359070988446027,0.7330572769330523,1.0
What is Gordie Gosse's occupation?,Gordie Gosse is a retired Canadian football player,False,0.9099056752004714,0.6578891346768235,1.0
What is Nenad Popović's occupation?,Nenad Popović is a software engineer,False,0.9352604131957765,0.6921706623843829,1.0
What is Björn Böhning's occupation?,Björn Böhning is a statistician,False,0.9045239073833357,0.8630210507030133,1.0
What is Frederick Berry's occupation?,Frederick Berry is an actor,False,0.8912776126695882,0.6800584609514861,1.0
What is Susan Soltero's occupation?,Susan Soltero is a writer,False,0.45458697491370625,0.6747446830690355,1.0
What is Joseph R. Perella's occupation?,Joseph R. Perella is an attorney,False,0.6624323150082085,0.6664654317142894,1.0
What is Stanley Peiris's occupation?,Stanley Peiris is an actor,False,0.9299205516380326,0.6751073494753138,1.0
What is P. Palaniappan's occupation?,P. Palaniappan is an engineer,False,0.8445242060685948,0.7686966440277898,1.0
What is Alice's occupation?,Alice is a teacher,False,0.9542459248486301,0.7054841189024896,1.0
What is J. Da Silva's occupation?,J. Da Silva is a musician,False,0.8769156273680091,0.6986689368392981,1.0
What is Carsten Carlsen's occupation?,Carsten Carlsen is a chess player,False,0.8699955940243052,0.6950025436103965,1.0
What is Josh Mankiewicz's occupation?,Josh Mankiewicz is an actor,False,0.7631576101999656,0.7252535706030669,1.0
What is Shiva Nageswara Rao's occupation?,Shiva Nageswara Rao is an Indian politician,False,0.5494649375271528,0.6757487860651589,1.0
What is Abdirizak Haji Hussein's occupation?,Abdirizak Haji Hussein is a software engineer,False,0.871653614021736,0.7192583200296531,1.0
What is Fritz Goos's occupation?,Fritz Goos is an engineer,False,0.7391049261487699,0.6631805091752379,1.0
"What is Charles A. Gillespie, Jr.'s occupation?","Charles A. Gillespie, Jr. is an attorney",False,0.6215426346667109,0.8116648705049807,1.0
What is Tharman Shanmugaratnam's occupation?,Tharman Shanmugaratnam is an economist,False,0.7449021309274466,0.7397298687752264,1.0
What is Alexander Gadolin's occupation?,Alexander Gadolin is a chemist,False,0.9459779272691838,0.6871862808915332,1.0
What is Levi P. Powers's occupation?,Levi P. Powers is an author,False,0.4938477729261627,0.8150458978732884,1.0
What is Kamya Panjabi's occupation?,Kamya Panjabi is an actress,False,0.7596114175689991,0.7052556653601386,1.0
What is Robert Gwilym's occupation?,Robert Gwilym is a retired British politician,False,0.8112748883045242,0.6379433113817109,1.0
What is Min's occupation?,Min is a librarian,False,0.7904275660124664,0.6840692786856623,1.0
What is John Strange's occupation?,John Strange is a retired police officer,False,0.8282904612819696,0.6891722701260945,1.0
What is Everley Gregg's occupation?,Everley Gregg is a writer,False,0.9163901829451458,0.7244513377986593,1.0
What is Ruby Rose's occupation?,Ruby Rose is an actress,False,0.81274699876023,0.7928711560861508,1.0
What is Meg McCall's occupation?,Meg McCall is a writer,False,0.8574516223299544,0.6738058011107739,1.0
What is Walter de la Pole's occupation?,He was a banker,False,0.3325828760919846,0.5500136916969058,1.0
What is Todd Verow's occupation?,Todd Verow is an engineer,False,0.9665683521921529,0.6831063255241623,1.0
What is Kyaw Swe's occupation?,Kyaw Swe is a journalist,False,0.8652446234094096,0.7311101841765034,1.0
What is Guillaume du Tillot's occupation?,Guillaume du Tillot was a painter,False,0.8545528649321481,0.7767963379045641,1.0
What is James J. Gibson's occupation?,James J. Gibson is an author,False,0.6623535687656235,0.6741967065076133,1.0
What is Edwin H. Knopf's occupation?,Edwin H. Knopf is an author,False,0.3445160155609681,0.6987207369525155,1.0
What is Apurba Kishore Bir's occupation?,Apurba Kishore Bir is a writer,False,0.7738369716928839,0.7466755108796708,1.0
What is Prince Radu of Romania's occupation?,Prince Radu of Romania is a military officer,False,0.85877590927707,0.7367144244730254,1.0
What is Tatiana Doronina's occupation?,Tatiana Doronina is a Russian actress,False,0.8294211625869935,0.6335564934751373,1.0
What is Havergal Brian's occupation?,Havergal Brian is an architect,False,0.7220519195262037,0.7884904086242973,1.0
What is Marina Baker's occupation?,Marina Baker is a lawyer,False,0.9571469433240116,0.6519602252650861,1.0
What is Naathan Phan's occupation?,Naathan Phan is a writer,False,0.8948000078778279,0.6950438881926975,1.0
What is Paul Caillaud's occupation?,Paul Caillaud is a French chef,False,0.8095464063083425,0.6020707987011347,1.0
What is Rusty Willoughby's occupation?,Rusty Willoughby is a retired police officer,False,0.7276683943903868,0.800602038744574,1.0
What is Matthew Underwood's occupation?,Matthew Underwood is a writer,False,0.9810312387993437,0.6132985541253714,1.0
What is George Washington Owen's occupation?,George Washington Owen was a farmer,False,0.8474297566196677,0.680059231516458,1.0
What is Ebenezer Webster's occupation?,Ebenezer Webster was a lawyer,False,0.7837489827582378,0.6980635178493545,1.0
What is Bridie O'Flaherty's occupation?,Bridie O'Flaherty is a writer,False,0.9078773820717028,0.6484282328094219,1.0
What is John Jay's occupation?,John Jay was a lawyer and politician,False,0.6563339780718663,0.6542309111660023,1.0
What is Ivan Kulichenko's occupation?,Ivan Kulichenko is a Ukrainian businessman,False,0.874826371150842,0.649981865738769,1.0
What is Christopher Beazley's occupation?,Christopher Beazley is an archaeologist,False,0.8437467858065139,0.585107226553518,1.0
What is Christine Juarbe's occupation?,Christine Juarbe is a journalist,False,0.763095794867304,0.6159141628752336,1.0
What is Olivier Alary's occupation?,Olivier Alary is a chef,False,0.4813774778265239,0.6833223136230341,1.0
What is Giuseppe Demachi's occupation?,Giuseppe Demachi is a chef,False,0.7171752966075595,0.6939090585952704,1.0
What is Affonso Beato's occupation?,Affonso Beato is a Filipino mathematician and physicist,False,0.5294461900161614,0.5979079797287252,1.0
What is Scott Z. Burns's occupation?,Scott Z. Burns is an actor,False,0.7385760479099669,0.6687392549504219,1.0
What is Vanessa Angel's occupation?,Vanessa Angel is a singer,False,0.6492589020439414,0.584637544458129,1.0
What is Atsushi Kaneko's occupation?,Atsushi Kaneko is a mathematician,False,0.7778637299760345,0.8147283981313092,1.0
What is William Molyneux's occupation?,William Molyneux is a mathematician,False,0.9532945759387063,0.8059122041052569,1.0
What is Richard Faith's occupation?,Richard Faith is an actor,False,0.966532946688437,0.6774500754421785,1.0
What is E. David Redwine's occupation?,E. David Redwine is an attorney,False,0.8214439744940851,0.7819377307538276,1.0
What is Kyriakos Mavronikolas's occupation?,Kyriakos Mavronikolas is a lawyer,False,0.6304501224080815,0.7554942493020518,1.0
"What is John Blake, Jr.'s occupation?","John Blake, Jr. is a private investigator",False,0.5639929015259766,0.8137319770351638,1.0
What is Amitabh Bachchan's occupation?,Actor,True,0.49474407577463797,0.7535773755232121,1.0
What is Mami Matsui's occupation?,Mami Matsui is a singer,False,0.8558096877053416,0.700310847475954,1.0
What is Marie-France Mignal's occupation?,Marie-France Mignal is a mathematician,False,0.7074750712587027,0.6569923812873656,1.0
What is Chiara Zanni's occupation?,Chiara Zanni is a model,False,0.945908308849507,0.7009267105636444,1.0
What is P. J. Moloney's occupation?,P. J. Moloney is a journalist,False,0.8748730410206679,0.697429675659963,1.0
What is Andreas Rüdiger's occupation?,Andreas Rüdiger is a software engineer,False,0.9519644388338547,0.6473446553950722,1.0
What is Robert Lewis's occupation?,Robert Lewis is a writer,False,0.5789753831782135,0.6867350424115386,1.0
What is Arthur W. Rice's occupation?,Arthur W. Rice is an author,False,0.7574011005824484,0.7373322390213981,1.0
What is Richard Franck's occupation?,Richard Franck is an author,False,0.9547848703331929,0.6053053088360544,1.0
What is Guillem Ramon de Gironella's occupation?,Guillem Ramon de Gironella is a footballer,False,0.29152165678176845,0.6933803555161571,1.0
What is Dima Grigoriev's occupation?,Dima Grigoriev is a software engineer,False,0.914372205332552,0.7349222518244916,1.0
What is Grace Frankland's occupation?,Grace Frankland is a writer,False,0.8102075454655037,0.5840305971068821,1.0
What is Hermann Ahlwardt's occupation?,Hermann Ahlwardt was a lawyer,False,0.7627434203175494,0.6626501528996018,1.0
What is Alexandre Bóveda's occupation?,Alexandre Bóveda is a painter,False,0.6724212829935063,0.696999799580328,1.0
What is Paddy Mullins's occupation?,Paddy Mullins is a retired Irish footballer,False,0.9424784766361061,0.6805864345636015,1.0
What is Alan Mauritz Swanson's occupation?,Alan Mauritz Swanson is an author,False,0.5213178322634853,0.6324111897835607,1.0
What is Harvey William Burk's occupation?,Harvey William Burk is an author,False,0.7831584231096635,0.6593893823673107,1.0
What is Richard Sandrak's occupation?,Richard Sandrak is an attorney,False,0.950928031183278,0.6742431626435202,1.0
What is Amin Amidu Sulemana's occupation?,Amin Amidu Sulemana is a Nigerian politician,False,0.8590005089528426,0.6705258680470949,1.0
What is Jim Boyd's occupation?,Jim Boyd is a writer,False,0.9236429351257803,0.6547427850779947,1.0
What is Nosrat Karimi's occupation?,Nosrat Karimi is a chef,False,0.788664335258066,0.6143197994531642,1.0
What is Ashlie Walker's occupation?,Ashlie Walker is a writer,False,0.4436129145822302,0.6014637614160772,1.0
What is Jörg A. Eggers's occupation?,Jörg A. Eggers is an engineer,False,0.7204649957281731,0.8134081598342083,1.0
What is Duilio Forte's occupation?,Duilio Forte is a software engineer,False,0.855198917943069,0.6557148889429583,1.0
What is Petru Vlah's occupation?,Petru Vlah is a historian,False,0.9670944205100669,0.7017745821044572,1.0
What is Richard Howland Hunt's occupation?,Richard Howland Hunt is an architect,True,0.8272770104950639,0.8021326838793674,1.0
What is Giovanni Grasso's occupation?,Giovanni Grasso is an Italian politician,False,0.7120984881692614,0.6694402859149403,1.0
What is Adam Darr's occupation?,Adam Darr is an actor,False,0.9537349357088152,0.694755169130832,1.0
What is Pierre Abraham's occupation?,Pierre Abraham is a mathematician,False,0.7117770870076136,0.5944426577310062,1.0
What is Paul Lieber's occupation?,Paul Lieber is an author,False,0.9210351100415524,0.539075802835167,1.0
What is Rumi's occupation?,Rumi was a poet,False,0.6787576704253617,0.6868889008661262,1.0
What is Bernard Peiffer's occupation?,Bernard Peiffer is a retired footballer,False,0.9330981999974364,0.5997923914198381,1.0
What is Elvin Penner's occupation?,Elvin Penner is a retired professional football player,False,0.8588069035848586,0.6097738087283483,1.0
What is Keiko Aizawa's occupation?,Keiko Aizawa is a politician,False,0.7993451920744477,0.5906264532386709,1.0
What is Rodrigo Arocena's occupation?,Rodrigo Arocena is a politician,False,0.28626824127459194,0.6223730904872911,1.0
What is Robert Florey's occupation?,Robert Florey is an actor,False,0.9221557372733753,0.7036962337724717,1.0
What is Petros Efthymiou's occupation?,Petros Efthymiou is a Greek politician,False,0.9321683027048148,0.6627055389668671,1.0
What is Fidel Antuña Batista's occupation?,Fidel Antuña Batista is a politician,False,0.7696279274063228,0.7508955630327373,1.0
What is Billy Flynn's occupation?,Billy Flynn is an actor,False,0.9309251923304944,0.5844515847552544,1.0
What is Şefik Birkiye's occupation?,Şefik Birkiye is a Turkish footballer,False,0.8754927477440676,0.5737867282862983,1.0
What is Isobel Pravda's occupation?,Isobel Pravda is a writer,False,0.8341931707830187,0.7399959237669931,1.0
What is Natasha Leggero's occupation?,Natasha Leggero is a model,False,0.5040676041530934,0.6823587559081207,1.0
What is Dorothy Hewett's occupation?,Dorothy Hewett is an author,False,0.5391554099174597,0.6379619478359339,1.0
"What is William Phillips, Sr.'s occupation?","William Phillips, Sr. is an economist",False,0.9296727194407874,0.746426734985973,1.0
What is Michael Jackson's occupation?,"Michael Jackson was a singer, dancer, songwriter, and actor",False,0.6309781605709037,0.6555685343548278,1.0
What is Rodrigo Cortés's occupation?,Rodrigo Cortés is a Spanish conquistador,False,0.3851516016043981,0.6514613629071249,1.0
What is Richard Rishi's occupation?,Richard Rishi is a politician,False,0.8661929310229683,0.6961187130838642,1.0
What is Seungri's occupation?,Seungri is a singer and actor,False,0.8199372832194715,0.7583969376248441,1.0
What is Toni Jennings's occupation?,Toni Jennings is a lawyer,False,0.8276844076769914,0.6108267331342933,1.0
What is Switch's occupation?,Switch is an electronic device,False,0.8603867897294721,0.6853772444367687,1.0
What is Thomas Gifford's occupation?,Thomas Gifford is an artist,False,0.9201975490627867,0.7255450513058135,1.0
What is DM Sevilla's occupation?,DM Sevilla is a football club,False,0.6591086424307885,0.5942682605606332,0.0
What is Sardar Muhammad Yousaf Zaman's occupation?,Sardar Muhammad Yousaf Zaman is a politician,False,0.454444366600668,0.6898600578068235,1.0
What is Jaclyn Stapp's occupation?,Jaclyn Stapp is a fashion designer,False,0.6104587903735803,0.6053496850327162,1.0
What is Thomas Jefferson Kaye's occupation?,Thomas Jefferson Kaye is an author,False,0.9237568407703913,0.7585413251803642,1.0
What is Pietro Marcenaro's occupation?,Pietro Marcenaro was a painter,False,0.6182017973168984,0.7284861789263241,1.0
What is William Australia Graham's occupation?,William Australia Graham was a lawyer,False,0.8084281624424995,0.6857256556132639,1.0
What is Gino Coppedè's occupation?,Gino Coppedè is a painter,False,0.8901080460652027,0.7083717899896347,1.0
What is Richard Myers's occupation?,Richard Myers is an engineer,False,0.9797414543434907,0.6064740672699022,1.0
What is Robert Carson's occupation?,Robert Carson is an actor,False,0.8210926624936392,0.6924164303722785,1.0
What is Conrad Weiser's occupation?,Conrad Weiser was a Native American,False,0.430704200588734,0.6375745851776253,1.0
What is Paul Hindemith's occupation?,Composer,True,0.5793757296159119,0.7757344199191315,1.0
What is Carlo Giustini's occupation?,Carlo Giustini is an Italian journalist and author,False,0.9320805056836261,0.6726128663753638,1.0
What is Alfredo Narciso's occupation?,Alfredo Narciso is a chef,False,0.6968593010599152,0.6872853813564629,1.0
What is Lindsay Ellingson's occupation?,Singer-songwriter,False,0.5128397283377931,0.7005006470899752,1.0
What is Shelley Wark-Martyn's occupation?,She is a writer,False,0.37484618980836215,0.6410662181554694,1.0
What is José Feliciano's occupation?,José Feliciano is a guitarist,False,0.8438262999835578,0.6419748685724382,1.0
What is Hugo Becker's occupation?,Hugo Becker is a software engineer,False,0.8608825831921422,0.6775614824764268,1.0
What is Frits Castricum's occupation?,Frits Castricum is a Dutch politician,False,0.8772568747139006,0.6723581419597976,1.0
What is John Bell's occupation?,John Bell is an artist,False,0.8791416908888212,0.6785632501159438,1.0
What is David Sharp's occupation?,David Sharp is a software engineer,False,0.9462055549295334,0.6569585223359594,1.0
What is Galina Starovoytova's occupation?,Galina Starovoytova is a Russian actress,False,0.9563468678699001,0.7170937215181488,1.0
What is Per Risvik's occupation?,Per Risvik is an economist,False,0.8860608351552947,0.6788082603995332,1.0
What is Eleanor Yule's occupation?,Eleanor Yule is a writer,False,0.8722472155631315,0.7400580197017134,1.0
What is Claire Adams's occupation?,Claire Adams is an author,False,0.6355001361029428,0.6369245908463367,1.0
What is Agneta Bolme Börjefors's occupation?,Agneta Bolme Börjefors is a Swedish politician,False,0.7581312151016798,0.691233336143658,1.0
What is Lothrop Stoddard's occupation?,Lawyer,False,0.18213467552283172,0.5241918378231348,1.0
What is G.E.M.'s occupation?,G.E.M.'s occupation is an actress,False,0.7325062253191513,0.6958005960284758,1.0
What is Larry Sitsky's occupation?,Larry Sitsky is a lawyer,False,0.7448770899587752,0.7484600373772862,1.0
What is Brigitte Bardot's occupation?,Actress,True,0.5549752711380681,0.7526957308088615,1.0
What is Alexander Bogdanov's occupation?,Alexander Bogdanov was a chemist,False,0.8724111293917515,0.6496576134418741,1.0
What is Chris Lang's occupation?,Chris Lang is a software engineer,False,0.9061989753430125,0.668149943306921,1.0
What is Pamela Winslow's occupation?,Pamela Winslow is a writer,False,0.5902190057338824,0.6764249185057526,1.0
What is Alan Bjerga's occupation?,Alan Bjerga is a lawyer,False,0.4176261405420895,0.6623573651325517,1.0
What is Tadhg Dall Ó hUiginn's occupation?,Tadhg Dall Ó hUiginn was a poet and scholar,False,0.731774443583355,0.7040439638142205,1.0
What is Leigh Whannell's occupation?,Leigh Whannell is an actor and screenwriter,False,0.7949063813905791,0.7460450516160204,1.0
What is Yannis Ritsos's occupation?,Yannis Ritsos was a poet and playwright,False,0.7984163153867114,0.729847297102208,1.0
What is Andy C's occupation?,"Andy C is a fictional character from the animated series ""The Simpsons.""",False,0.7271847792393106,0.5709208400477791,1.0
What is Frequency's occupation?,Frequency is an engineer,False,0.9000838969205475,0.6991427149761369,1.0
What is Zoran Rankić's occupation?,Zoran Rankić is a footballer,False,0.9221447718679239,0.668733913457081,1.0
What is Chitra Bahadur K.C.'s occupation?,Chitra Bahadur K.C. is an Indian politician,False,0.6453351916292757,0.6784643766809577,1.0
What is Ski Beatz's occupation?,Ski Beatz is a rapper,False,0.903342484176473,0.7244442278969779,1.0
What is Siegfried Czapski's occupation?,Siegfried Czapski is an actor,False,0.5538304940643409,0.7996950801771324,1.0
What is George Minor's occupation?,George Minor is a retired police officer,False,0.9554204954291784,0.6187417196011419,1.0
What is Lord George Hamilton's occupation?,Lord George Hamilton is a British politician,False,0.767067963124178,0.633961410640942,1.0
What is Mariángel  Carolina Ruiz Diaz's occupation?,Mariángel  Carolina Ruiz Diaz is a journalist,False,0.6289680531293512,0.7025309536713842,1.0
What is Michael Shelley's occupation?,Michael Shelley is a writer,False,0.8114038754357463,0.6925539710763758,1.0
What is Anjali Sudhakar's occupation?,Anjali Sudhakar is a software engineer,False,0.8931725620711479,0.7335747420556894,1.0
What is Greg Miller's occupation?,Greg Miller is a writer,False,0.8813489642246312,0.7112014119410561,1.0
What is Rose Beaudet's occupation?,Rose Beaudet is a writer,False,0.8724920707657284,0.6840411169371322,1.0
What is Jean Gabriel Marie's occupation?,Jean Gabriel Marie is a writer,False,0.8415384885772804,0.6904215017742802,1.0
What is Ava Deluca-Verley's occupation?,Ava Deluca-Verley is a singer,False,0.6418030194104547,0.6577629775222792,1.0
What is Sayaka Ichii's occupation?,Sayaka Ichii is a novelist,False,0.5632735620884126,0.5605131552154571,1.0
What is George Birnie Esslemont's occupation?,George Birnie Esslemont was a writer,False,0.9636169093291223,0.7110804154347994,1.0
What is Tiffany Pollard's occupation?,Tiffany Pollard is a writer,False,0.6092129271273276,0.6851990220331537,1.0
What is Shorty Hamilton's occupation?,Shorty Hamilton is a street performer,False,0.9486791491167658,0.6515336859968894,1.0
What is Ajay Kumar Parida's occupation?,Ajay Kumar Parida is a software engineer,False,0.9436192497848436,0.706300589737771,1.0
What is Baruch Steinberg's occupation?,Baruch Steinberg is a lawyer,False,0.9246445276938967,0.7055636505924917,1.0
What is Charles Martin Smith's occupation?,Charles Martin Smith is an American composer and pianist,False,0.8083511045372797,0.6694449690200732,1.0
What is Bobby Henon's occupation?,Bobby Henon is an astrophysicist,False,0.4564475178924141,0.6037725094213277,1.0
What is Erwin Schulhoff's occupation?,Composer,True,0.6485782174639306,0.7404307022408319,1.0
What is A. Lawrence Kocher's occupation?,A. Lawrence Kocher is an attorney,False,0.4663162194065153,0.7568652810680059,1.0
What is John Andrew Martin's occupation?,John Andrew Martin is a retired professional footballer,False,0.8092920217235835,0.5640645671742478,1.0
What is Salvador Allende's occupation?,Salvador Allende was an economist,False,0.6977335182577871,0.6680266773526442,1.0
What is Nandor Balazs's occupation?,Nandor Balazs is an economist,False,0.8578258791556539,0.7337537439576546,1.0
What is Maurice Le Boucher's occupation?,Maurice Le Boucher is a chef,False,0.850193618329979,0.6292182906334893,1.0
What is T. P. Poonatchi's occupation?,T. P. Poonatchi is an engineer,False,0.7890917072463505,0.774616312501961,1.0
What is Joni Jenkins's occupation?,Joni Jenkins is a singer-songwriter,False,0.7215703812899843,0.6474792296900884,1.0
What is Martin Shapiro's occupation?,Martin Shapiro is a professor,False,0.7269614856794284,0.6001382015501197,1.0
What is Gabriel Gonsum Ganaka's occupation?,He was a mathematician,False,0.5322698484280123,0.7542827837807357,1.0
What is Max Fechner's occupation?,Max Fechner is an Austrian physicist,False,0.8702228686899848,0.6271225641784479,1.0
What is Augustine Steward's occupation?,Augustine Steward is a retired police officer,False,0.9437158117670013,0.6618674905993012,1.0
What is Andrew Ure's occupation?,Andrew Ure was a Scottish physician and educationalist,False,0.8198271451883772,0.6205149884968872,1.0
What is Guy Joseph Bonnet's occupation?,Guy Joseph Bonnet is a French historian,False,0.9207668901709131,0.62810476707343,1.0
What is Rhea Silvia's occupation?,Rhea Silvia is a Roman goddess,False,0.9096922870570314,0.6681595813844589,1.0
What is Jason Reitman's occupation?,Jason Reitman is an actor and director,False,0.5293395050207842,0.6132579219425626,1.0
What is Lewis J. Rachmil's occupation?,Lewis J. Rachmil is an attorney,False,0.9061017019480504,0.661253625469213,1.0
What is René Bégin's occupation?,René Bégin is a Canadian politician,False,0.9664592160902514,0.6014454610220076,1.0
What is Johann Heinrich Lambert's occupation?,Johann Heinrich Lambert was a mathematician and astronomer,False,0.5242069871468218,0.8003545588945755,1.0
What is Robert Jonckheere's occupation?,Robert Jonckheere is a software engineer,False,0.8367658817094277,0.7133143916278097,1.0
What is Klaus Rainer Röhl's occupation?,Klaus Rainer Röhl is an historian,False,0.5798809674594445,0.6502683789187594,1.0
What is Yuki Kaida's occupation?,Yuki Kaida is a singer and actress,False,0.9220225191767739,0.7034815179137187,1.0
What is Tracy Coogan's occupation?,Tracy Coogan is a lawyer,False,0.7325140843005141,0.6089031169391926,1.0
What is Arafan Camara's occupation?,Arafan Camara is a journalist,False,0.9242197307922541,0.7385659799617894,1.0
What is George Lewis's occupation?,George Lewis is a teacher,False,0.9598681935461417,0.6658525643728508,1.0
What is Louis O'Dea's occupation?,Louis O'Dea is a retired Australian rules footballer,False,0.9580449454471539,0.6633363791523907,1.0
What is Mohamed Bazoum's occupation?,Mohamed Bazoum is a politician,False,0.6141293030010327,0.6482140398138609,1.0
What is Dennis Rodman's occupation?,Dennis Rodman is an actor,False,0.9325959052866692,0.5982374475802447,1.0
What is Guo Gengmao's occupation?,Guo Gengmao is a Chinese politician,False,0.8668929302996593,0.6481516980828611,1.0
What is Derek Ingram Hill's occupation?,Derek Ingram Hill is an actor,False,0.9233597494020157,0.7030132263385924,1.0
What is Jacques Monasch's occupation?,Jacques Monasch is a historian,False,0.2938134482945647,0.642836893846868,1.0
What is Sebaki Devi Das Tatma's occupation?,Sebaki Devi Das Tatma is a writer,False,0.7192671940625929,0.7263507863762724,1.0
What is Robert Antoine's occupation?,Robert Antoine is a writer,False,0.7494343463883195,0.6535969771667727,1.0
What is Howard Fowles's occupation?,Howard Fowles is an author,False,0.440672031952358,0.6558168856331177,1.0
What is Seif Sharif Hamad's occupation?,Seif Sharif Hamad is a businessman,False,0.7237561310780429,0.7058119181819781,1.0
What is Fernanda Vasconcellos's occupation?,Fernanda Vasconcellos is a Brazilian journalist and television presenter,False,0.8919496557027712,0.5768196404807804,1.0
What is Julia de Asensi's occupation?,Julia de Asensi is a politician,False,0.7679309942665113,0.5967860660631557,1.0
What is Đurđa Ivezić's occupation?,Đurđa Ivezić is a politician,False,0.8106352730936894,0.7168375846334041,1.0
What is Rick Wilson's occupation?,Rick Wilson is an engineer,False,0.9769405123461771,0.7332862221237847,1.0
"What is John Campbell, 3rd Earl of Breadalbane and Holland's occupation?","John Campbell, 3rd Earl of Breadalbane and Holland was a peer and a member of the House of Lords",False,0.5645347922903713,0.7018255547919324,1.0
What is Ya'akov Ahimeir's occupation?,Ya'akov Ahimeir is a Jewish rabbi,False,0.840829192303711,0.6202269722391981,1.0
What is Jean-Baptiste de Lamarck's occupation?,He was a naturalist,False,0.324484777989699,0.716700528066209,1.0
What is James Anderson's occupation?,James Anderson is a cricketer,False,0.7942342708264296,0.7028611963812224,1.0
What is Jeet Ganguly's occupation?,Jeet Ganguly is a former Indian cricketer,False,0.43275066188097644,0.6415450115573805,1.0
What is Žarko Petan's occupation?,Žarko Petan is a retired footballer,False,0.9999383687975579,0.6915858601562846,1.0
What is Akimasa Nakamura's occupation?,Akimasa Nakamura is a mathematician,False,0.9219767481474966,0.7841542150101009,1.0
What is Thomas Widdrington's occupation?,Thomas Widdrington is a lawyer,False,0.9048997783044633,0.7185607823811451,1.0
What is Will Smith's occupation?,Actor,True,0.46498725509271716,0.7304848205253011,1.0
What is Jean-Marie-Victor Viel's occupation?,Jean-Marie-Victor Viel is a mathematician,False,0.8613389115959863,0.7300799453210294,1.0
What is Eckart von Hirschhausen's occupation?,He was an archaeologist,False,0.3771393797177531,0.6927033102610427,1.0
What is Enos Thompson Throop's occupation?,Enos Thompson Throop is a farmer,False,0.869579550913459,0.7226569470868218,1.0
What is Ali Hillis's occupation?,Ali Hillis is a writer,False,0.897362533501641,0.675360952658889,1.0
What is Dinesh Singh's occupation?,Dinesh Singh is a politician,False,0.9174210462135233,0.6393412930906605,1.0
What is Virginia Haviland's occupation?,Virginia Haviland is an author,False,0.8803556621685913,0.7789260581125815,1.0
What is Val McLane's occupation?,Val McLane is an actor,False,0.8544014094475155,0.7044525250510064,1.0
What is Heinrich Hofmann's occupation?,Heinrich Hofmann is a German mathematician,False,0.6709422975247425,0.6081350307834897,1.0
What is Frances Josephy's occupation?,Historian,False,0.27266994888990687,0.6796257443286483,1.0
What is Pyotr Lavrov's occupation?,Pyotr Lavrov is a Russian diplomat,False,0.5498751944044857,0.6616256115315996,1.0
What is Uri Nakayama's occupation?,Uri Nakayama is a Japanese politician,False,0.9674715389718155,0.6104969188528727,1.0
What is Edward Drinker Cope's occupation?,Paleontologist,False,0.4499469784563078,0.7692716362468579,1.0
What is Edwin N. Hubbell's occupation?,Edwin N. Hubbell was an astronomer,False,0.6628003097536969,0.7703605236576637,1.0
What is Donald Trump's occupation?,Donald Trump is an entrepreneur,False,0.4617778251555044,0.6963305370551265,1.0
What is John Williams Tobey's occupation?,John Williams Tobey is an author,False,0.8001881252866461,0.781685672312294,1.0
What is Ivan III Drašković's occupation?,Ivan III Drašković was a military leader,False,0.6211803482219802,0.6607254629648254,1.0
What is Michael's occupation?,Michael is a software engineer,False,0.7742346420507418,0.674909527283042,1.0
What is Jorge Traverso's occupation?,Jorge Traverso is a politician,False,0.29763780770130893,0.6294712938148824,1.0
What is Peter's occupation?,Peter is a teacher,False,0.9217848203370286,0.6897525768835513,1.0
What is Mariví Bilbao's occupation?,Mariví Bilbao is a writer,False,0.9234893901685461,0.6960003071501053,1.0
What is Mark T. Vande Hei's occupation?,Mark T. Vande Hei is a retired United States Army officer,False,0.771336196212886,0.7146461361692252,1.0
What is Dick Rude's occupation?,Dick Rude is a former professional football player,False,0.8847706937739446,0.6304747985771544,1.0
What is Robert D. Cardona's occupation?,Robert D. Cardona is an educator,False,0.8310841945859592,0.6976983441678941,1.0
What is Michael Lynton's occupation?,"Michael Lynton is an investor and CEO of the global telecommunications company, BT Group",False,0.8531071568491096,0.5480628360065695,1.0
What is Harding of Bristol's occupation?,Harding of Bristol is a builder,False,0.7057695469396789,0.6674211928600394,1.0
What is Brent Huff's occupation?,Brent Huff is a software engineer,False,0.8786981765416888,0.6751751742680908,1.0
What is Gina Krog's occupation?,Gina Krog is a writer,False,0.7593822405310513,0.5570302895746718,1.0
What is Arkady Chernetsky's occupation?,Arkady Chernetsky is a mathematician,False,0.9088174718422679,0.6394288363190381,1.0
What is Shirley Palmer's occupation?,Shirley Palmer is an educator,False,0.7174769613431388,0.6579013141452582,1.0
What is Paolo Pellizzari's occupation?,Paolo Pellizzari is a chef,False,0.734123653483279,0.5511516777634102,1.0
What is G. Karunakara Reddy's occupation?,G. Karunakara Reddy is an Indian politician,False,0.7837515520918333,0.7423761530409719,1.0
What is Petr Mlsna's occupation?,Petr Mlsna is a software engineer,False,0.7022820757475555,0.6346911382110773,1.0
What is Neville Ashenheim's occupation?,Neville Ashenheim is a retired police officer,False,0.6456418110657041,0.6154026795507206,1.0
What is Billy Joel's occupation?,Billy Joel is an American singer-songwriter and pianist,False,0.739404378367067,0.6487266702309433,1.0
What is Nina Varlamova's occupation?,Nina Varlamova is a writer,False,0.701843924959808,0.6858456702854544,1.0
What is Ruth Harriet Louise's occupation?,Ruth Harriet Louise is a writer,False,0.6235397521924664,0.6934105709982513,1.0
What is Lorena Corona Valdés's occupation?,Lorena Corona Valdés is a journalist,False,0.9747208952848843,0.7214915322255108,1.0
What is Darrell Hammond's occupation?,Darrell Hammond is an actor,False,0.278258636859463,0.6839063053104673,1.0
What is Bedřich Smetana's occupation?,Composer,True,0.5695355692740315,0.765889193697686,1.0
"What is Sir Thomas Clarges, 3rd Baronet's occupation?","Sir Thomas Clarges, 3rd Baronet was a lawyer",False,0.7028810442202637,0.7220473667970436,1.0
What is Donald Robert Macgregor's occupation?,Donald Robert Macgregor is an engineer,False,0.9145611519808091,0.7486353704518097,1.0
What is Jari Porttila's occupation?,Jari Porttila is a musician,False,0.933913289031433,0.7376051201082354,1.0
What is David J. Brown's occupation?,David J. Brown is an actor,False,0.8922846340092216,0.7052233175702967,1.0
What is Claudio Naranjo's occupation?,Claudio Naranjo is a lawyer,False,0.8685029110421258,0.6984178385045773,1.0
What is Eric Flynn's occupation?,Eric Flynn was an actor,False,0.5684988570838839,0.6718403307355743,1.0
What is Honor Harger's occupation?,Honor Harger is a writer,False,0.4186863843703222,0.6974743281545209,1.0
What is Clement Baker's occupation?,Clement Baker is a lawyer,False,0.7917573449597128,0.6666246156984198,1.0
What is Alleppey Vincent's occupation?,Alleppey Vincent is a painter,False,0.5597826852544457,0.670344168038964,1.0
What is Mike Flanagan's occupation?,Mike Flanagan is a filmmaker,False,0.8623281682778712,0.6113305287014942,1.0
In what city was Belarmino Mario Chipongue born?,"In Accra, Ghana",False,0.21388997138596574,0.6427570929514422,1.0
In what city was Antoine Richard born?,"In what city was Antoine Richard born? Paris, France",False,0.2942166907448722,0.6827170742062388,1.0
In what city was Sigrid D. Peyerimhoff born?,"Copenhagen, Denmark",False,0.3630310031445347,0.7740802633876089,1.0
In what city was Charles Hammock born?,"New Orleans, Louisiana",False,0.14203146692411875,0.6170564539051864,1.0
In what city was Izhar Elias born?,"Izhar Elias was born in Tel Aviv, Israel",False,0.5158223540264196,0.7939308882836734,1.0
In what city was Karim Abdel Aziz born?,"Karim Abdel Aziz was born in Cairo, Egypt",False,0.289038276342459,0.7812952542394362,1.0
In what city was Petru Stoianov born?,"Sofia, Bulgaria",False,0.5276880205629714,0.7368240795486491,1.0
In what city was Rafael Reyes born?,,False,0.2060599659701331,0.5731796455187709,1.0
In what city was Raju Kaji Shakya born?,Kathmandu,False,0.1684669193231947,0.7062768110420448,1.0
In what city was Lance Hooper born?,Lance Hooper was born in Chicago,False,0.17521246383984682,0.646993444216677,1.0
In what city was Jerrold Katz born?,New York City,False,0.390920289990618,0.7512865400971102,1.0
In what city was Roger McCardell born?,"Roger McCardell was born in Chicago, Illinois",False,0.26651652474206916,0.5844741344191755,1.0
In what city was Alastair Heathcote born?,"Alastair Heathcote was born in Sydney, Australia",False,0.36005544352331986,0.7675015924734161,1.0
In what city was Antonio Calcagni born?,"Rome, Italy",False,0.3315147611442475,0.6778521857793965,1.0
In what city was William Marshall Craig born?,"William Marshall Craig was born in Glasgow, Scotland",False,0.3370566882167197,0.7169490223537367,1.0
In what city was Philipp Crone born?,"Philipp Crone was born in Hamburg, Germany",False,0.13456935607778928,0.6729450018928499,1.0
In what city was I.P. Paul born?,"I.P. Paul was born in Paris, France",False,0.2623248648089288,0.7480898897737136,1.0
In what city was Danie Mellor born?,"Danie Mellor was born in Cape Town, South Africa",False,0.24444595817058393,0.779879308698358,1.0
In what city was Constantine of Kostenets born?,"Constantine of Kostenets was born in Sofia, Bulgaria",True,0.8214910037224787,0.6540620138880432,1.0
In what city was Endre Bálint born?,Budapest,True,0.7493127651429973,0.7738710416665925,1.0
In what city was Aleksandr Nekrasov born?,Moscow,True,0.28176620335491426,0.7249615704047893,1.0
In what city was Charles Joseph Bonaparte born?,"Paris, France",False,0.6252774060043437,0.7279852728183365,1.0
In what city was Shahrzad Sepanlou born?,"Shahrzad Sepanlou was born in Tehran, Iran",False,0.44031852704874996,0.8278581546890763,1.0
In what city was Louis François Antoine Arbogast born?,"Paris, France",False,0.7234428571210707,0.7189593427524346,1.0
In what city was Maria Wetterstrand born?,,False,0.2024690573808645,0.6543115982171653,1.0
In what city was Austin Cuvillier born?,"Austin Cuvillier was born in New Orleans, Louisiana",False,0.9379702775505847,0.724604427123481,1.0
In what city was Eduard Bargheer born?,"In Berlin, Germany",False,0.11592325756798415,0.5744324578965487,1.0
In what city was Neophyte of Bulgaria born?,"Sofia, Bulgaria",False,0.7527642821200412,0.706312550471882,1.0
In what city was Andrian Mardiansyah born?,"Jakarta, Indonesia",False,0.5391170406997811,0.7253308143146582,1.0
In what city was Bert Myers born?,New York City,False,0.16810331113850896,0.6672173347021098,1.0
In what city was Scott Fraser born?,"Toronto, Ontario",False,0.24534615059037715,0.5713289923056646,1.0
In what city was Dakota Collins born?,Dakota Collins was born in Chicago,False,0.3079124552520724,0.6799528369587955,1.0
In what city was Giuseppe Castelli born?,"Rome, Italy",False,0.170006167735922,0.6679413657259545,1.0
In what city was Johann Christian Brand born?,"Leipzig, Germany",False,0.11413215640350052,0.6365183030557829,1.0
In what city was Jacob Duck born?,New York City,False,0.17018046626375738,0.6981195350440426,1.0
In what city was Darley Waddilove born?,In Chicago,False,0.139473477768375,0.5468934875200683,1.0
In what city was Harold Reetz born?,Chicago,False,0.15134518501329186,0.6452502452646491,1.0
In what city was Parnelli Jones born?,,False,0.16694067203547733,0.6470886610363058,1.0
In what city was Fernand Cornez born?,"Paris, France",False,0.3330336898552674,0.7616332491497717,1.0
In what city was Volodymyr O. Kravets born?,"Volodymyr O. Kravets was born in Kyiv, Ukraine",False,0.3556521431969675,0.8338612692312269,1.0
In what city was Jack Culcay-Keth born?,Jack Culcay-Keth was born in London,False,0.2997215335672029,0.7430893624017179,1.0
In what city was Yinka Ayenuwa born?,"Lagos, Nigeria",False,0.3264729278764843,0.6825347285867165,1.0
In what city was Chris Brown born?,New York City,False,0.37767976324606034,0.7186151047074788,1.0
In what city was Phil Williams born?,Philadelphia,False,0.2050919095670153,0.662166231576292,1.0
In what city was Samantha James born?,London,False,0.24816595949424905,0.6621666762559605,1.0
In what city was James M. Bingham born?,New York City,False,0.43071249271514905,0.7639182287058092,1.0
In what city was Jack Kachkar born?,New York City,False,0.6133664174168647,0.8011112617164963,1.0
In what city was Gustavo Grondona born?,"Buenos Aires, Argentina",False,0.885211825395714,0.7386488290573268,1.0
In what city was Bob Geddins born?,,False,0.11464613302377713,0.5871927393448073,1.0
In what city was Ferenc Paragi born?,"Budapest, Hungary",False,0.5942202780496665,0.7460804567364818,1.0
In what city was Bastien Lecouffe-Deharme born?,"Paris, France",False,0.3906610861621948,0.720028426349551,1.0
In what city was Brent Maddock born?,Brent Maddock was born in Chicago,False,0.25779195801923693,0.6810046476598127,1.0
In what city was Betty Francisco born?,,False,0.22096318220548627,0.5363210234766385,1.0
In what city was Hans-Jörg Voigt born?,"Berlin, Germany",False,0.1744029234315277,0.649327438952057,1.0
In what city was Charlie Davis born?,,False,0.21278952772528756,0.525339759549042,1.0
In what city was V. S. Srinivasa Sastri born?,Bangalore,False,0.4333231758486243,0.7059332868592217,1.0
In what city was Yuriy Vernydub born?,"Kiev, Ukraine",False,0.38650026032599394,0.7251400458674006,1.0
In what city was Markus Ragger born?,"Markus Ragger was born in Stockholm, Sweden",False,0.2561997948166662,0.6982800716858345,1.0
In what city was Marnus Labuschagne born?,"Marnus Labuschagne was born in Cape Town, South Africa",False,0.38901480721604054,0.6114628382027831,1.0
In what city was Leslie Douglas Jackson born?,,False,0.15625805004495646,0.6232265095027444,1.0
In what city was Ricardo Maliandi born?,"Rio de Janeiro, Brazil",False,0.2480267777038964,0.6247451029707543,1.0
In what city was Alfred Jefferis Turner born?,New York City,False,0.17905032584334835,0.6862255247222105,1.0
In what city was Ernest Willows born?,London,False,0.21829882414899693,0.6589683242235529,1.0
In what city was Afonso II of Portugal born?,Lisbon,False,0.7301375369575206,0.7674986724999808,1.0
In what city was Derek Lamb born?,New York City,False,0.21172959950068757,0.7075244389959771,1.0
In what city was Andranik Migranyan born?,"In Yerevan, Armenia",False,0.310573660704067,0.7340059045365269,1.0
In what city was Runa Akiyama born?,"Tokyo, Japan",False,0.536300114802845,0.7311273766919194,1.0
In what city was Annika Billstam born?,"Annika Billstam was born in Stockholm, Sweden",False,0.500832862185789,0.8340554180804244,1.0
In what city was Suad Nasr born?,"Suad Nasr was born in Cairo, Egypt",False,0.4369985129905294,0.8465073602791001,1.0
In what city was Jason Bourque born?,"Montreal, Quebec",False,0.5650216997751799,0.7175287106323094,1.0
In what city was Kurt Baschwitz born?,"Zurich, Switzerland",False,0.1541764372901553,0.6528653257527498,1.0
In what city was Camillo Benso di Cavour born?,Milan,False,0.259886857193627,0.6756661262142917,1.0
In what city was Beniamino Di Giacomo born?,"Rome, Italy",False,0.2744101616755064,0.7101096030293668,1.0
In what city was Tim Alexander born?,"Tim Alexander was born in Sydney, Australia",False,0.29642554907318286,0.6222428909182366,1.0
In what city was Léopold Robert born?,Léopold Robert was born in Brussels,False,0.33349270789390606,0.8092522128160157,1.0
In what city was Eric Defoort born?,"Brussels, Belgium",False,0.5199392418439273,0.7172354925132399,1.0
In what city was Reinaldo Dalcin born?,"Reinaldo Dalcin was born in São Paulo, Brazil",False,0.377702658103058,0.7690764414487755,1.0
In what city was Wang Yaping born?,Beijing,False,0.8732407116705413,0.7882975528009702,1.0
In what city was Bob Cremins born?,New York City,False,0.44647412342068254,0.761650484038807,1.0
In what city was Léon-Lévy Brunswick born?,Léon-Lévy Brunswick was born in Paris,False,0.4612565928398108,0.7593599846785974,1.0
In what city was David Oppenheim born?,David Oppenheim was born in New York City,False,0.28857923875794345,0.5515645256024263,1.0
In what city was Juan Luis Guerra born?,"Juan Luis Guerra was born in Santiago, Dominican Republic",False,0.16847754347089355,0.5743112277679465,1.0
In what city was Luis Reece born?,,False,0.15054549368419595,0.6517874809639701,1.0
In what city was Jaswant Singh of Marwar born?,Jodhpur,True,0.30164456903577197,0.7222203304923165,1.0
In what city was Eduardo Gudiño Kieffer born?,"In Denver, Colorado",False,0.21000641345253723,0.6093014560507872,1.0
In what city was Greg Windsperger born?,New York City,False,0.2048834667801483,0.6970276887484025,1.0
In what city was Nelson Vargas born?,In New York City,False,0.14791128839594708,0.5840926334176237,1.0
In what city was Matt Moralee born?,,False,0.2322723695519366,0.5731470757691683,1.0
In what city was Petar Stambolić born?,Belgrade,False,0.5669624146813476,0.7699420745128847,1.0
In what city was Josephus Nicolaus Laurenti born?,Rome,False,0.26967115654410195,0.8331332870892815,1.0
In what city was Mike Gregory born?,Mike Gregory was born in New York City,False,0.24872999123953624,0.5313783986463367,1.0
In what city was Jorge Betancourt born?,"Bogotá, Colombia",False,0.2932721412975109,0.744228582793049,1.0
In what city was Neil Robinson born?,London,False,0.3365158138072297,0.6893721152568313,1.0
In what city was Paul Humphries born?,"Paul Humphries was born in Detroit, Michigan",False,0.46287784042162033,0.7590272730142474,1.0
In what city was Barbara Engel born?,New York City,False,0.23005307666418334,0.6947579394824545,1.0
In what city was Quorey Payne born?,"Quorey Payne was born in Detroit, Michigan",False,0.2894967326998898,0.7456855025871189,1.0
In what city was Lloyd Ultan born?,"Lloyd Ultan was born in Dublin, Ireland",False,0.1976550315340656,0.7224095949800041,1.0
In what city was Joseph Bova born?,New York City,False,0.3040433414422884,0.7161720569734249,1.0
In what city was Oi Va Voi born?,"Oi Va Voi was born in Tokyo, Japan",False,0.18470450818388678,0.7047063069045726,1.0
In what city was Elena Romagnolo born?,"Rome, Italy",False,0.36986195070034117,0.7206405750620627,1.0
"In what city was Dominique, comte de Cassini born?","Paris, France",False,0.6751468225689211,0.738561865393163,1.0
In what city was Joris Delle born?,"Joris Delle was born in Antwerp, Belgium",False,0.36320428098677093,0.7079085684220069,1.0
In what city was Stone born?,Stone was born in New York City,False,0.6105709610757474,0.7932888113974873,1.0
In what city was Ivan Khomukha born?,Moscow,False,0.3200081461390009,0.7092120079328578,1.0
"In what city was Margaret, Countess of Pembroke born?",London,False,0.44371221311425696,0.6985530833780922,1.0
In what city was Ferdinand Elle born?,,False,0.17921389909485422,0.5639081788790382,1.0
In what city was Maarten van Severen born?,Amsterdam,False,0.7050837232047777,0.7589916500354721,1.0
In what city was Refet Bele born?,"Refet Bele was born in Istanbul, Turkey",False,0.45009893334685463,0.8139234602491502,1.0
In what city was Zijah Sokolović born?,"Zijah Sokolović was born in Belgrade, Serbia",False,0.6959409216201795,0.8079284778237419,1.0
In what city was Rahi Masoom Raza born?,"Rahi Masoom Raza was born in Karachi, Pakistan",False,0.3571191727420243,0.5984244704159918,1.0
In what city was Bob Warlick born?,,False,0.18006405851911816,0.543531857182797,1.0
In what city was Dick Leonard born?,,False,0.1651503662331736,0.5181747117247946,1.0
In what city was Lucia de Berk born?,"In the city of Utrecht, Netherlands",False,0.1253233547644913,0.557519161198963,1.0
In what city was Clarence Beck born?,New York City,False,0.2705573354544058,0.6946493574644336,1.0
In what city was Aloïs Boudry born?,"Aloïs Boudry was born in Geneva, Switzerland",False,0.19810414393192916,0.7421613650072482,1.0
In what city was Tony Shields born?,New York City,False,0.2577379075122787,0.7042549054385119,1.0
In what city was Hendrik Gerritsz Pot born?,Amsterdam,False,0.6853541698111307,0.7555569182610402,1.0
In what city was Amoene van Haersolte born?,"Amoene van Haersolte was born in Amsterdam, Netherlands",False,0.5744111090487112,0.7827766419812581,1.0
In what city was Jim Baker born?,,False,0.19681702852195895,0.6462165580613911,1.0
In what city was Pete Larson born?,,False,0.2174279025018627,0.5298662661864524,1.0
In what city was Valdemar III of Denmark born?,Copenhagen,False,0.43709200617978494,0.7050195867408139,1.0
In what city was Pete Stewart born?,,False,0.20748151710662097,0.6309741475898336,1.0
In what city was Dave Alston born?,New York City,False,0.3154077038095634,0.7203204336536047,1.0
In what city was Piotr Balcerzak born?,"Piotr Balcerzak was born in Warsaw, Poland",False,0.4503923661643245,0.8392941182585235,1.0
In what city was Mariano Chao born?,"Mariano Chao was born in Buenos Aires, Argentina",False,0.5622746905513177,0.6996697639684495,1.0
In what city was Koudai Tsukakoshi born?,"Tokyo, Japan",False,0.36435012987514287,0.7158892880950507,1.0
In what city was John Edgerton born?,"John Edgerton was born in Cambridge, Massachusetts",False,0.39537302734299157,0.7484871159313807,1.0
In what city was Jerry Best born?,"Jerry Best was born in Detroit, Michigan",False,0.18249767302334377,0.66981443855945,1.0
In what city was Jim born?,New York City,False,0.3590884679701534,0.7136605673198736,1.0
In what city was Barbu Ștefănescu Delavrancea born?,Barbu Ștefănescu Delavrancea was born in Bucharest,False,0.1620334879248507,0.7914627709011093,1.0
In what city was Michael Woolston Ash born?,New York City,False,0.12493620879633321,0.6635527539354962,1.0
In what city was Gustavo A. Madero born?,Mexico City,False,0.6192845744552573,0.8414500958076808,1.0
In what city was James Brown born?,New York City,False,0.28745153636452747,0.7228469376128839,1.0
In what city was Andrea di Alessandro born?,"Florence, Italy",False,0.2175731775558973,0.6641539085238153,1.0
In what city was Alison Cockburn born?,"Alison Cockburn was born in Glasgow, Scotland",False,0.39926952212943373,0.695981850573123,1.0
In what city was Karl Wilhelm Rosenmund born?,"Berlin, Germany",False,0.41696010197949934,0.6902598651613475,1.0
In what city was Francisco Maldonado born?,"In Lima, Peru",False,0.16118285445666442,0.6811955766859359,1.0
In what city was Gilbert Bodart born?,"Paris, France",False,0.3294463412421973,0.6993400133007859,1.0
In what city was Roy A. Roberts born?,,False,0.2316333292115939,0.5281726234514467,1.0
In what city was Edu Nandlal born?,"Mumbai, India",False,0.22926938926164692,0.6715156209094267,1.0
In what city was Gregorio Selser born?,New York City,False,0.1782586223150736,0.6833097781930976,1.0
In what city was Donald De Lue born?,New York City,False,0.47869390325755207,0.7593987708889383,1.0
In what city was Ramón Luis Valcárcel Siso born?,"Barcelona, Spain",False,0.2201815068910402,0.6755040824049532,1.0
In what city was Anne Brusletto born?,"Rome, Italy",False,0.1581327299462221,0.6629328426083021,1.0
In what city was Tameem Al-Kubati born?,"Tameem Al-Kubati was born in Riyadh, Saudi Arabia",False,0.5645831814761957,0.8115298797321832,1.0
In what city was August Brand born?,"August Brand was born in Berlin, Germany",False,0.15217448273151463,0.6611067112126972,1.0
In what city was Ilya Nikiforov born?,"Ilya Nikiforov was born in St. Petersburg, Russia",False,0.4583450978935475,0.8301656206605834,1.0
In what city was Arthur Thomson born?,London,False,0.394799445065395,0.7151480001000469,1.0
In what city was Miloš Žeravica born?,"Belgrade, Serbia",False,0.4348463194255945,0.7278062098588307,1.0
In what city was Mohammad Esfahani born?,"Tehran, Iran",False,0.46127154929352987,0.7374342621859242,1.0
In what city was Brandon Bays born?,"Brandon Bays was born in Toronto, Ontario",False,0.5952597211747722,0.7023830853834406,1.0
In what city was Aina Kusuda born?,"Aina Kusuda was born in Tokyo, Japan",False,0.365225025657502,0.8164169521481421,1.0
In what city was Batman born?,Gotham City,True,0.8785566065999818,0.8268375184607111,1.0
In what city was Lisa Miller born?,New York City,False,0.27978212427719923,0.7329765950076899,1.0
In what city was Giovanni Speranza born?,"In Turin, Italy",False,0.18969097102392343,0.6573193141229052,1.0
In what city was William Collins born?,London,True,0.5293479607812879,0.7357897522896065,1.0
In what city was Veselin Vujović born?,"Belgrade, Serbia",False,0.33374803543830356,0.7131720410616004,1.0
In what city was Vitaly Arkhangelsky born?,Moscow,False,0.2983570986136993,0.6926234718391409,1.0
In what city was Anton Lui born?,"Anton Lui was born in Vienna, Austria",False,0.13518068626216914,0.6302911948766774,1.0
In what city was Paul Walker born?,Los Angeles,False,0.24222920349716395,0.7030749003538925,1.0
In what city was Doug McCombs born?,"Denver, Colorado",False,0.19298576297852002,0.6662733406560769,1.0
In what city was Ed Sullivan born?,New York City,True,0.8942432384026018,0.7847732994814134,1.0
In what city was Margaret Coit born?,New York City,False,0.3529715679861249,0.7443846089367693,1.0
In what city was Serhiy Zayets born?,"Kiev, Ukraine",False,0.44603120138139657,0.7422901155225927,1.0
In what city was Belly born?,Belly was born in New York City,False,0.29071163570841846,0.7457191794227988,1.0
In what city was William Anderson born?,New York City,False,0.19954092217967756,0.7004422423256514,1.0
In what city was Thomas D. Schall born?,New York City,False,0.24154163364979084,0.7450732676423303,1.0
In what city was Johann Heinrich Roos born?,Berlin,False,0.09268215032049386,0.5838146583487788,1.0
In what city was Kristian Outinen born?,"Helsinki, Finland",False,0.576664515066882,0.7726642232705933,1.0
In what city was Matthijs Dulken born?,Amsterdam,False,0.42750980459434096,0.7120035906244035,1.0
In what city was Fahd Ananta born?,"Riyadh, Saudi Arabia",False,0.34618921253056867,0.6647872221949925,1.0
In what city was Dee born?,New York City,False,0.24038636788701354,0.6946144784127442,1.0
In what city was Antigoni Goni born?,"Antigoni Goni was born in Athens, Greece",True,0.5909857896639242,0.837790648312083,1.0
In what city was Sebastian Hofmann born?,"Sebastian Hofmann was born in Munich, Germany",False,0.4255426569068874,0.5543421362797291,1.0
In what city was Emil Marschalk von Ostheim born?,"Berlin, Germany",False,0.2148727864429384,0.6562918283191986,1.0
In what city was Şeref Has born?,Istanbul,True,0.572181753157411,0.7576873468792992,1.0
In what city was Kalevi Kull born?,"Helsinki, Finland",False,0.632475785742995,0.7662685285115758,1.0
In what city was Esau Tjiuoro born?,"Esau Tjiuoro was born in the city of Kampala, Uganda",False,0.4720925128405791,0.6858004806228598,1.0
In what city was Gerard Thomas born?,Gerard Thomas was born in New York City,False,0.4778682328284738,0.7302519372621763,1.0
In what city was Ricardo Sánchez born?,"Ricardo Sánchez was born in Caracas, Venezuela",False,0.1981940935196498,0.5610767127586337,1.0
In what city was Leena Peisa born?,"Leena Peisa was born in Helsinki, Finland",False,0.2038965810602573,0.7243138188072508,1.0
In what city was Robert Kraft born?,Boston,False,0.5152778637170631,0.7172049453842065,1.0
In what city was Germaine Aussey born?,London,False,0.3003528605539125,0.6525382412712978,1.0
In what city was Bruno Nöckler born?,"Berlin, Germany",False,0.21318032713840526,0.6604249218241744,1.0
In what city was Gloria Porras Valles born?,Mexico City,False,0.19298935190041977,0.7225931467189979,1.0
In what city was Harvey born?,New York City,False,0.4728317372895509,0.7557357841920678,1.0
In what city was Glover Morrill Allen born?,New York City,False,0.1980417606693363,0.6540122069310013,1.0
In what city was Annie Oakley born?,"Annie Oakley was born in Cleveland, Ohio",False,0.30236975817006656,0.772769227927678,1.0
In what city was Gabriella Di Laccio born?,New York City,False,0.13880212315446191,0.6618722786929333,1.0
In what city was Moses the Black born?,New York City,False,0.2699094733308315,0.7441026174489443,1.0
In what city was Robert Creamer born?,Robert Creamer was born in Chicago,False,0.605831340352712,0.7493661643621359,1.0
In what city was Claudio Costamagna born?,"Claudio Costamagna was born in Florence, Italy",False,0.610897601596785,0.8031957364998779,1.0
In what city was Andries Bonger born?,"Andries Bonger was born in Amsterdam, Netherlands",False,0.5076985502452495,0.7677893778496093,1.0
In what city was Lois Bancroft Long born?,In New York City,False,0.2843760342491106,0.6744262514588337,1.0
In what city was Edward Drinker Cope born?,Philadelphia,True,0.4736612970484331,0.7418680962758814,1.0
In what city was Klaus-Degenhard Schmidt born?,"In the city of Berlin, Germany",False,0.12401520700547487,0.5058994138668349,1.0
In what city was Robert B. Scarborough born?,New York City,False,0.3650271545488525,0.7650994146721183,1.0
In what city was Manon born?,Paris,False,0.33679983319108847,0.6864502419119636,1.0
In what city was Liz born?,London,False,0.23383037204754678,0.6607099826128185,1.0
In what city was Joseph born?,Joseph was born in New York City,False,0.43207373957630896,0.7739642814179941,1.0
In what city was Dilson Torres born?,"Rio de Janeiro, Brazil",False,0.16432479557001453,0.754134561367984,1.0
In what city was Ray Strauss born?,New York City,False,0.1792366317916468,0.6742464441719512,1.0
In what city was Charles Hyder born?,,False,0.1555133182853617,0.5109719044064704,1.0
In what city was Mark Holzemer born?,Mark Holzemer was born in Chicago,False,0.18014573106932633,0.5304567730737729,1.0
In what city was Doug Gwosdz born?,,False,0.10461760558947322,0.5752624661221653,1.0
In what city was Hieronymous Francken I born?,Antwerp,False,0.4385996656716277,0.7522645443296541,1.0
In what city was Robert Zawada born?,"Robert Zawada was born in Detroit, Michigan",False,0.4355088950669943,0.7803977882451502,1.0
In what city was Vera Dua born?,"Vera Dua was born in Accra, Ghana",False,0.12276826884963503,0.6805543130095021,1.0
In what city was John A. Shaud born?,New York City,False,0.3566762313744944,0.7661339134086597,1.0
In what city was Gianni Lonzi born?,"In Turin, Italy",False,0.12828503532536423,0.6402617798864606,1.0
In what city was Maksim Andreyevich Fyodorov born?,"Maksim Andreyevich Fyodorov was born in St. Petersburg, Russia",False,0.3310432717732017,0.8173321470724899,1.0
In what city was Paris born?,Paris was born in Paris,False,0.9033885618478906,0.7814882844238437,1.0
In what city was Bruce Collie born?,"Toronto, Ontario",False,0.19966660537353215,0.6372375496063001,1.0
In what city was Joseph Urban born?,Joseph Urban was born in New York City,False,0.34314841195864887,0.762931904257022,1.0
In what city was Peter Philpott born?,Peter Philpott was born in New York City,False,0.5003757388257011,0.7484362487055302,1.0
In what city was Martyn Liadov born?,"Moscow, Russia",False,0.6513692055031421,0.7293906206661774,1.0
In what city was Scott McCuaig born?,"Toronto, Ontario",False,0.17526901394638023,0.62814601963786,1.0
In what city was K. M. Beenamol born?,"K. M. Beenamol was born in Colombo, Sri Lanka",False,0.4408881761471608,0.8550695789817209,1.0
In what city was Paul Singer born?,New York City,False,0.6662032506635513,0.7935885140548803,1.0
In what city was Nikolai Kinski born?,New York City,False,0.2169370251404384,0.6735646354343162,1.0
In what city was Athīr al-Dīn al-Abharī born?,"Athīr al-Dīn al-Abharī was born in Cairo, Egypt",True,0.3756743370775544,0.8182313613562644,1.0
In what city was Otto Renner born?,"Otto Renner was born in Munich, Germany",False,0.23534708494651657,0.7411954558692062,1.0
In what city was Louis-Arsène Lavallée born?,"Montreal, Quebec, Canada",False,0.7195610321547735,0.7155792106585912,1.0
In what city was Róbert Fazekas born?,"Budapest, Hungary",False,0.6106957285639146,0.7321773125831287,1.0
In what city was Clemente Isnard born?,"Paris, France",False,0.17701502681163553,0.6442276454236303,1.0
In what city was Dale Polley born?,Dale Polley was born in Chicago,False,0.18512209786309536,0.6412788384410969,1.0
In what city was Gerd Arntz born?,"Gerd Arntz was born in Cologne, Germany",False,0.6747462730912102,0.5998679138422202,1.0
In what city was Robert Crannell Minor born?,New York City,True,0.2643458102569766,0.6798203732607531,1.0
In what city was Walter Gay born?,New York City,False,0.4250214352490829,0.7379574616285204,1.0
In what city was Izumi Iimura born?,"Tokyo, Japan",False,0.5623882480695347,0.7237139771327421,1.0
In what city was Pierre Charette born?,"Montreal, Quebec",False,0.6421985008566112,0.7178374660395542,1.0
In what city was Jean Arp born?,"Arp was born in Luneville, France",False,0.4591471069099663,0.7267705391449242,1.0
In what city was Edgar Manas born?,New York City,False,0.12539825495475712,0.6702832913703198,1.0
In what city was Reinhard Jirgl born?,"Reinhard Jirgl was born in Vienna, Austria",False,0.7737425610558746,0.7318412771650932,1.0
In what city was Paul Brill born?,"Paul Brill was born in Detroit, Michigan",False,0.376961296129739,0.7613083028976135,1.0
In what city was Simon Callery born?,New York City,False,0.29485839029279376,0.7247755971147949,1.0
In what city was Aleksandar Madžar born?,"Belgrade, Serbia",False,0.5079763634451682,0.7949944733894898,1.0
In what city was Roland Wieser born?,"Vienna, Austria",False,0.4266694849235835,0.713668240881708,1.0
In what city was Tony Clark born?,,False,0.2445808272024038,0.6145807254447451,1.0
In what city was Víctor Rabú born?,"Víctor Rabú was born in Barcelona, Spain",False,0.3332761111751117,0.7793456817713886,1.0
In what city was Frederick George Bromberg born?,New York City,True,0.2712013211908157,0.7386853279924476,1.0
In what city was Doc Parker born?,New York City,False,0.16840296767727164,0.6572312259034293,1.0
In what city was Giovanni Stefano Marucelli born?,"Milan, Italy",False,0.35542276442121906,0.7172964701351642,1.0
In what city was Willem van Herp born?,Amsterdam,False,0.41567042817614736,0.7049598980471822,1.0
In what city was Matt Hamilton born?,,False,0.2390698768007734,0.6265019947826107,1.0
In what city was William Perry Hay born?,"William Perry Hay was born in Cincinnati, Ohio",False,0.4410734819093863,0.7485188561263536,1.0
In what city was Kirk O'Bee born?,Kirk O'Bee was born in Chicago,False,0.2670479513773207,0.7127986125494963,1.0
In what city was Offer Nissim born?,"Offer Nissim was born in Tel Aviv, Israel",False,0.42307136092572195,0.8019396309410497,1.0
In what city was Jadranka Šešelj born?,"Belgrade, Serbia",False,0.3568740000919835,0.6868491375877771,1.0
In what city was Joachim Olsen born?,"Joachim Olsen was born in Oslo, Norway",False,0.5500914543575193,0.8417214571528623,1.0
In what city was Shawn Respert born?,"Boston, Massachusetts",False,0.18534819287408638,0.6257910913051207,1.0
In what city was John Robinson born?,London,False,0.2721763234234857,0.6649090126174025,1.0
In what city was Monster born?,Monster was born in New York City,False,0.543502741581307,0.8075124534560348,1.0
In what city was Anders Orvin born?,"Copenhagen, Denmark",False,0.10672615917602586,0.6414122228200339,1.0
In what city was Nelson Faria born?,"Rio de Janeiro, Brazil",False,0.182035738446142,0.6867963045204688,1.0
In what city was Willem van Nieulandt II born?,"Brussels, Belgium",False,0.2173105710113298,0.6848085358792934,1.0
In what city was Hermann Vezin born?,"Hermann Vezin was born in Paris, France",False,0.23169502452124013,0.7719470808821304,1.0
In what city was János Ferencsik born?,Budapest,True,0.6025907916462182,0.7915667422742658,1.0
In what city was Florence Marie Harsant born?,"Florence Marie Harsant was born in Paris, France",False,0.744817310269796,0.7981158197741525,1.0
In what city was Diana Estrada born?,,False,0.2691593112783101,0.6643124179994578,1.0
In what city was Khalid bin Barghash of Zanzibar born?,Zanzibar,True,0.34429143857271177,0.727823070902281,1.0
In what city was Terry Hunte born?,,False,0.17031585528428014,0.6056406299478838,1.0
In what city was Steve McDonald born?,Steve McDonald was born in Chicago,False,0.3584571541577036,0.7022727498249274,1.0
In what city was Izaskun Zubizarreta Gerendiain born?,"Bilbao, Spain",False,0.29237861457851144,0.6961957506021504,1.0
In what city was Harry W. Kvebæk born?,"Copenhagen, Denmark",False,0.15385634594663483,0.6878366275700982,1.0
In what city was Rose Bampton born?,London,False,0.31856894216260295,0.6953897644349032,1.0
In what city was Mélonin Noumonvi born?,"Mélonin Noumonvi was born in Kigali, Rwanda",False,0.6562091758126641,0.7388440232308339,1.0
In what city was John M. Wood born?,John M. Wood was born in New York City,False,0.2703149986409957,0.7601437969475662,1.0
In what city was Geert Brusselers born?,"Brussels, Belgium",False,0.5148157489624028,0.7376263282237645,1.0
In what city was Maurice El Mediouni born?,"Maurice El Mediouni was born in Algiers, Algeria",False,0.41577673032694945,0.5771930349227589,1.0
In what city was Emily Hood Westacott born?,London,False,0.38105883610443864,0.6797963365103025,1.0
In what city was Grant Bramwell born?,Grant Bramwell was born in London,False,0.6001697838248242,0.7182495643157359,1.0
In what city was Valentin Avrorin born?,Moscow,False,0.2101400161388422,0.6693033840086376,1.0
In what city was Giulio Bisegni born?,"In Rome, Italy",False,0.23984474469640896,0.6428026942953312,1.0
In what city was Alfred Frank Hardiman born?,New York City,False,0.27408496586266434,0.6982587516381087,1.0
In what city was Baptiste Lecaplain born?,"Paris, France",False,0.30634248032083267,0.7058468474726628,1.0
In what city was Matthew J. Ryan born?,"Matthew J. Ryan was born in Columbus, Ohio",False,0.28679997134862734,0.7387468693850351,1.0
In what city was Julius Erving born?,New York City,True,0.7607239474395446,0.8379509738863905,1.0
In what city was Billy McGinty born?,,False,0.28538224114252253,0.7017670349474947,1.0
In what city was Estevan Peléè born?,"Rio de Janeiro, Brazil",False,0.1496992308159066,0.697924924572665,1.0
In what city was James Keddy born?,"James Keddy was born in Toronto, Ontario",False,0.24542390287008697,0.6985399822985527,1.0
In what city was Angela Leong born?,Hong Kong,False,0.15454359522055777,0.681808213695293,1.0
In what city was Erick Benzi born?,"Erick Benzi was born in Buenos Aires, Argentina",False,0.20744825291430904,0.7138102007110512,1.0
In what city was Ko Wen-je born?,"Taipei, Taiwan",False,0.5119196131904188,0.7520984860624225,1.0
In what city was Sugar Ray Norcia born?,New York City,False,0.32835107288646054,0.7337156068067031,1.0
In what city was Zsuzsanna Németh born?,"Budapest, Hungary",False,0.6253988788994798,0.7761073906405784,1.0
In what city was Joel Johnson born?,Joel Johnson was born in New York City,False,0.47702621560650355,0.7309982859770884,1.0
In what city was Dick Arndt born?,Chicago,False,0.1896299485543367,0.6442752515534874,1.0
In what city was Robley Dunglison Evans born?,"Evans was born in Columbus, Ohio",False,0.32985295035453477,0.7094008354842605,1.0
In what city was Ingvild Bryn born?,"Ingvild Bryn was born in Oslo, Norway",False,0.4328602226509807,0.8289878059907145,1.0
In what city was John Anderson born?,John Anderson was born in Chicago,False,0.24056272603208223,0.6730637859666438,1.0
In what city was Sevil Atasoy born?,"Sevil Atasoy was born in Istanbul, Turkey",False,0.79991262719504,0.855757037123787,1.0
In what city was Aleksandar Markovski born?,"Sofia, Bulgaria",False,0.509182332464057,0.7225863226402491,1.0
In what city was Tsugumi Higasayama born?,"Tokyo, Japan",False,0.6548857704514536,0.7161746311205012,1.0
In what city was Bobby Ray Baldock born?,,False,0.19533991523304106,0.5932239070617699,1.0
In what city was Hansi Niese born?,"Hansi Niese was born in Hamburg, Germany",False,0.1637777634356844,0.7327506414958574,1.0
In what city was Raimonds Vilde born?,"Raimonds Vilde was born in Vilnius, Lithuania",False,0.633720153815164,0.821105828503915,1.0
In what city was Mick Flynn born?,,False,0.3071443868668958,0.4780590374311274,1.0
In what city was Wayne Cooper born?,"Wayne Cooper was born in Detroit, Michigan",False,0.25427474001369643,0.588220347716936,1.0
In what city was Nay Myo Thant born?,"Nay Myo Thant was born in Yangon, Myanmar",False,0.9855613109903721,0.7529608016478263,1.0
In what city was Babyface born?,,False,0.4852357367514789,0.545469883017811,1.0
In what city was Zara Turner born?,London,False,0.45812200655463653,0.7140327679432216,1.0
In what city was Doris Bell Collier born?,Doris Bell Collier was born in New York City,False,0.29207710663950626,0.7371238238905969,1.0
In what city was Aarno Maliniemi born?,"Helsinki, Finland",False,0.8824889072818259,0.8080820907059284,1.0
In what city was Charles Plumer born?,London,False,0.7050781757596396,0.7615458582886104,1.0
In what city was Maarten Biesheuvel born?,"Maarten Biesheuvel was born in Amsterdam, Netherlands",False,0.5350655414943055,0.6784184163192405,1.0
In what city was David Ogrin born?,New York City,False,0.22946636664946132,0.7161365765839129,1.0
In what city was Kevin Morton born?,,False,0.3762446442848443,0.6781403834474325,1.0
In what city was Moon Joo-won born?,"Seoul, South Korea",False,0.4454381537622326,0.7473796894070919,1.0
In what city was Joseph Patrick Addabbo born?,New York City,True,0.41337584810165023,0.8656160017801067,1.0
In what city was Amir Syamsuddin born?,"In Jakarta, Indonesia",False,0.19372376686993248,0.6323477712372093,1.0
In what city was Leobardo Soto born?,Leobardo Soto was born in Mexico City,False,0.3509564863231457,0.7593905718464345,1.0
In what city was Hailey McCann born?,Hailey McCann was born in Chicago,False,0.6026970800436223,0.7385530765972023,1.0
In what city was Helene Liebmann born?,"Helene Liebmann was born in Copenhagen, Denmark",False,0.42053402310292476,0.7873826230044738,1.0
In what city was Tuomo Suomalainen born?,"Helsinki, Finland",False,0.7054851672600913,0.7582002242776883,1.0
In what city was Donnchad mac Briain born?,Dublin,False,0.6460398505246371,0.6968040996213074,1.0
In what city was William Jack born?,William Jack was born in New York City,False,0.2729311198641906,0.7668359538185324,1.0
In what city was Oleg Govorun born?,"Oleg Govorun was born in Moscow, Russia",False,0.562729762614823,0.7949662363155575,1.0
In what city was Masaru Inada born?,"Tokyo, Japan",False,0.610400684410715,0.7380653427859011,1.0
In what city was Vladimir Korotkov born?,Moscow,True,0.566558353562545,0.7518229443588907,1.0
In what city was Erasmo Carlos born?,"Rio de Janeiro, Brazil",False,0.20683529347170354,0.6484983349489543,1.0
In what city was Ryūzaburō Ōtomo born?,Tokyo,True,0.5155710100796246,0.7265333107924711,1.0
In what city was Yaroslav Rybakov born?,"Yaroslav Rybakov was born in Kyiv, Ukraine",False,0.30239848762622523,0.801978947364908,1.0
In what city was Pierre Petit born?,"Paris, France",False,0.44650488787339765,0.7236400341652787,1.0
In what city was Shrichand Kriplani born?,Mumbai,False,0.48182232834090233,0.7300020160703636,1.0
In what city was Cristina Laslo born?,New York City,False,0.21024984179200137,0.6984818488973549,1.0
In what city was Jürgen W. Falter born?,"Jürgen W. Falter was born in Stuttgart, Germany",False,0.4116488630933015,0.5905026819272874,1.0
In what city was Billy Carlson born?,,False,0.23706262029997438,0.8677052756588312,1.0
In what city was Herman Hertzberger born?,Amsterdam,True,0.5354752603745523,0.7309267587612789,1.0
In what city was Blair Bush born?,New York City,False,0.6305489032764996,0.7628855589213394,1.0
In what city was Stan Andrews born?,"Stan Andrews was born in Toronto, Ontario",False,0.12920592151536794,0.6381196889200762,1.0
In what city was Alexandre-Marie Colin born?,"Paris, France",False,0.5350178326036711,0.690663368814329,1.0
In what city was Spartaco Schergat born?,"Rome, Italy",False,0.1343621899655114,0.6315052464555064,1.0
In what city was Bogdan Andone born?,"Bogdan Andone was born in Bucharest, Romania",False,0.4552863051026618,0.7465100374342276,1.0
In what city was Trae tha Truth born?,"Trae tha Truth was born in Atlanta, Georgia",False,0.41573566820903746,0.7849497323393192,1.0
In what city was Louis H. Pollak born?,New York City,True,0.5479671986876502,0.7826477361159837,1.0
In what city was Italo Viglianesi born?,"Italo Viglianesi was born in Turin, Italy",False,0.35263477223030115,0.790762502400321,1.0
In what city was Nathaniel Boyden born?,Boston,False,0.31259952536528673,0.6651678971541096,1.0
In what city was John of Garland born?,London,False,0.3792333823287803,0.7041757364472124,1.0
In what city was Abraham Raimbach born?,"Vienna, Austria",False,0.1867858418538766,0.6524085488041725,1.0
In what city was H. Hugh Bancroft born?,H. Hugh Bancroft was born in New York City,False,0.4131524316744257,0.7627742280292614,1.0
In what city was Heinrich August Jäschke born?,"Berlin, Germany",False,0.13874801009575433,0.6378688005833714,1.0
In what city was Nina Dittrich born?,"Berlin, Germany",False,0.14320518798730647,0.6391444056163494,1.0
In what city was Erika M. Anderson born?,Erika M. Anderson was born in Chicago,False,0.2955379511158752,0.7098336120313404,1.0
In what city was Georg Baumann born?,"Georg Baumann was born in Frankfurt am Main, Germany",False,0.15428940084887705,0.5751374528576385,1.0
In what city was Clarrie Millar born?,"Toronto, Ontario",False,0.12935791075006,0.6150730997779569,1.0
In what city was Franklin Rosemont born?,Franklin Rosemont was born in Chicago,False,0.6531283913082434,0.7433890287844318,1.0
In what city was Roman Shukhevych born?,"Roman Shukhevych was born in Kharkiv, Ukraine",False,0.256605032788757,0.7802569076209679,1.0
In what city was Julia Jones born?,New York City,False,0.25852353611375517,0.7078793618254152,1.0
In what city was Ge You born?,Ge You was born in Beijing,False,0.4493975529361413,0.7284212066902379,1.0
In what city was Gary Freear born?,"Gary Freear was born in Detroit, Michigan",False,0.6109785515793248,0.7274161827004174,1.0
In what city was Thomas Seaton Scott born?,"Edinburgh, Scotland",False,0.15050590908382608,0.6365341104149718,1.0
In what city was Alfredo Ramos Martínez born?,Alfredo Ramos Martínez was born in Mexico City,False,0.21881234541429423,0.7661748492799821,1.0
In what city was Andrew Carnie born?,New York City,False,0.483441713754522,0.7719283678334917,1.0
In what city was Julee Cruise born?,"Julee Cruise was born in Los Angeles, California",False,0.2503312326789808,0.73112048210599,1.0
In what city was Jiang Mianheng born?,"Jiang Mianheng was born in Nanjing, Jiangsu Province",False,0.28668614383764507,0.70449509847793,1.0
In what city was Jaime de Angulo born?,"Madrid, Spain",False,0.2896236563585273,0.7469895835312771,1.0
In what city was John XIX born?,London,False,0.18580697053175207,0.6459942197989437,1.0
In what city was Irving Amen born?,New York City,True,0.4264874851955155,0.7364126006123294,1.0
In what city was Paweł Blehm born?,"Warsaw, Poland",False,0.4864443116994837,0.7209582550190439,1.0
In what city was Keri Lees born?,London,False,0.3232681685654878,0.6810664296406479,1.0
In what city was Christos Mitsis born?,"Christos Mitsis was born in Athens, Greece",False,0.4657760662468485,0.8320108240403871,1.0
In what city was Karl-Hans Riehm born?,"Berlin, Germany",False,0.4026494968347461,0.7032798888103999,1.0
In what city was Robin Williams born?,New York City,False,0.2390249945378195,0.697101517365603,1.0
In what city was Mike Shaver born?,"Mike Shaver was born in Detroit, Michigan",False,0.2391936530101323,0.7224052551425794,1.0
In what city was John Keating born?,New York City,False,0.5539160978649701,0.7734928837928037,1.0
In what city was Dawson Turner born?,"Dawson Turner was born in Toronto, Ontario",False,0.2301417844785491,0.6710284436971284,1.0
In what city was Chance the Rapper born?,Chicago,True,0.9863837362850207,0.7796637044713227,1.0
In what city was John O'Brien born?,"Dublin, Ireland",False,0.27664798751212133,0.674902680143114,1.0
In what city was Diotima of Mantinea born?,Diotima of Mantinea was born in Athens,False,0.656970445356117,0.7975143869446218,1.0
In what city was Jurgis Karnavičius born?,"Jurgis Karnavičius was born in Vilnius, Lithuania",False,0.3101451531280928,0.8403733173075802,1.0
In what city was David Holmes Black born?,"London, England",False,0.23254457359009842,0.6409988709402545,1.0
In what city was Ralph Campney born?,Ralph Campney was born in New York City,False,0.33023392062170964,0.6772469044387732,1.0
In what city was Leonard Shure born?,New York City,False,0.4088468173010366,0.7498372691347003,1.0
In what city was Roger Gaudry born?,"Paris, France",False,0.37213622694497756,0.6976363000952743,1.0
In what city was Eduardo Hurtado born?,"Buenos Aires, Argentina",False,0.28905223137859737,0.6504226466255458,1.0
In what city was Xue Fei born?,Beijing,True,0.4547015491034645,0.7569456308554783,1.0
In what city was Jun Murai born?,"Tokyo, Japan",False,0.7705869573618503,0.7762776656656799,1.0
In what city was Indians born?,,False,0.3344807792127105,0.6043579554433202,1.0
In what city was Din Joe Crowley born?,,False,0.22775440101830596,0.5040080273939807,1.0
In what city was Olatubosun Oladapo born?,"Lagos, Nigeria",False,0.6457845034838534,0.74615218522135,1.0
In what city was Narcisse-Fortunat Belleau born?,"Montreal, Quebec",False,0.4312751896343589,0.6567832357931254,1.0
In what city was Joachim Zachris Duncker born?,"Joachim Zachris Duncker was born in Hamburg, Germany",False,0.4606204581601668,0.7760237017632078,1.0
In what city was Paul Braniff born?,,False,0.25253559746346577,0.6162756863894122,1.0
In what city was Aki Hata born?,"Tokyo, Japan",False,0.46961149136278374,0.7359824062009042,1.0
In what city was Scott Patterson born?,Scott Patterson was born in Chicago,False,0.5279252583622092,0.7299517706330564,1.0
In what city was George Tintle born?,Boston,False,0.16465826472289652,0.6294759090682224,1.0
In what city was Jakob Kaiser born?,"Jakob Kaiser was born in Munich, Germany",False,0.16720512514668717,0.6950913706367947,1.0
In what city was Emmanuel Biron born?,"Emmanuel Biron was born in Paris, France",False,0.42864222481263403,0.7397814228315428,1.0
In what city was Henry C Bailey JR born?,,False,0.24159398682653888,0.6067787173943222,1.0
In what city was Yugo Yoshida born?,"Tokyo, Japan",False,0.43417898074115857,0.7178638199334797,1.0
In what city was Percy Scholes born?,London,False,0.4075482283092602,0.7265858980646067,1.0
In what city was Nicholas French born?,London,False,0.23479881755741394,0.6692887387443454,1.0
In what city was David Harris Willson born?,"London, England",False,0.40323188828472756,0.6837870138002272,1.0
In what city was Steve Kerr born?,"Steve Kerr was born in Oakland, California",False,0.4147308503139692,0.6657463141404721,1.0
In what city was Ed Parker Jr. born?,New York City,False,0.29761414268735786,0.723181248082162,1.0
In what city was Montxu Miranda born?,"Montxu Miranda was born in Buenos Aires, Argentina",False,0.40722003299889886,0.7611076790707357,1.0
In what city was Isaac born?,New York City,False,0.30464222324568957,0.7205397878586145,1.0
In what city was Cornelis Springer born?,Amsterdam,True,0.21639735968249707,0.6413487778131051,1.0
In what city was Gerard Reve born?,"Gerard Reve was born in Antwerp, Belgium",False,0.18517094139536713,0.566913455048054,1.0
In what city was Alois Rašín born?,Prague,False,0.2389330620843243,0.6621584465458414,1.0
In what city was Toni Tecuceanu born?,"Bucharest, Romania",False,0.13001802084321193,0.6934497580752407,1.0
In what city was Joseph Moncure March born?,New York City,True,0.32062960658602013,0.7124463875718405,1.0
In what city was Aleksandra Socha born?,"In Warsaw, Poland",False,0.1500949781490356,0.6552130888837793,1.0
In what city was Tim Armstrong born?,New York City,False,0.3639616469782826,0.7255807488595181,1.0
In what city was Juha Jokela born?,"Helsinki, Finland",False,0.6071571726298166,0.7629950487357801,1.0
In what city was Maja Gojković born?,"Maja Gojković was born in Belgrade, Serbia",False,0.30298246307645554,0.7743206745739234,1.0
In what city was Giuseppe Bezzuoli born?,"Rome, Italy",False,0.30738060433426745,0.6993728039971338,1.0
In what city was Richard S. Bull born?,Richard S. Bull was born in New York City,False,0.25501527534259766,0.7737556271889594,1.0
In what city was Maurice Reymond de Broutelles born?,"Maurice Reymond de Broutelles was born in Brussels, Belgium",False,0.15609533125385336,0.7671065142495382,1.0
In what city was Rie Oh born?,"Rie Oh was born in Tokyo, Japan",False,0.3326662641186116,0.7971130775457071,1.0
In what city was Juan Manuel Montero Vázquez born?,"In Buenos Aires, Argentina",False,0.23552314328683127,0.6610275976456098,1.0
In what city was Bruce Crowder born?,,False,0.18170424228101179,0.5331915333849695,1.0
In what city was Can Bartu born?,"Istanbul, Turkey",False,0.5174153301652585,0.738556161597264,1.0
In what city was Louis Lloyd Winter born?,New York City,False,0.2010638476240903,0.6992087251599923,1.0
In what city was Evan Abraham born?,Evan Abraham was born in Chicago,False,0.582456161195369,0.7379662214070267,1.0
In what city was Carlos Nieto born?,Mexico City,False,0.7138246250516855,0.7950943036921257,1.0
In what city was Dave Marsh born?,New York City,False,0.20792586365445598,0.6908686630222655,1.0
In what city was Mary Sanders born?,"Mary Sanders was born in Detroit, Michigan",False,0.5811246532434375,0.7697128245149991,1.0
In what city was Ian Rutherford born?,London,False,0.6306515337661392,0.7412705907571487,1.0
In what city was Andy Keeley born?,New York City,False,0.19803408808224984,0.6926319367667749,1.0
In what city was Teri DeSario born?,Teri DeSario was born in New York City,False,0.4911201167917668,0.7819543951670875,1.0
In what city was Alexander Butlerov born?,Moscow,False,0.3316990529076443,0.6933150245175831,1.0
In what city was Vladimir Yakovlev born?,Moscow,True,0.5091407248185824,0.7563227108692023,1.0
In what city was Fernando García born?,"Madrid, Spain",False,0.23855880352158707,0.6598097331103847,1.0
In what city was Michele Aboro born?,"Michele Aboro was born in Accra, Ghana",False,0.3175801698278791,0.7402798732066046,1.0
In what city was Bianca Guaccero born?,In New York City,False,0.17982018472413616,0.6343279909851981,1.0
In what city was Viator of Lyons born?,"Lyon, France",False,0.3196216739914391,0.6463506382342443,1.0
In what city was Alonso Cano born?,"Alonso Cano was born in Seville, Spain",False,0.7334994165660034,0.5857850960323426,1.0
In what city was William Franklin Switzler born?,New York City,False,0.23630567029850766,0.7130532030878486,1.0
In what city was Dennis Havig born?,New York City,False,0.2295084417621236,0.6970507303269007,1.0
In what city was Alma Karlin born?,Alma Karlin was born in Chicago,False,0.5855077400229163,0.7471880769158695,1.0
In what city was Petros Tabouris born?,"Athens, Greece",True,0.21913718136513582,0.6736495602948005,1.0
In what city was György Kárpáti born?,Budapest,True,0.8483748468763983,0.7697431209974781,1.0
In what city was Szymon Kataszek born?,"Szymon Kataszek was born in Warsaw, Poland",False,0.4355579071951369,0.8201908984486275,1.0
In what city was Franky Zapata born?,Franky Zapata was born in Mexico City,False,0.2022149421942224,0.7025706318649697,1.0
In what city was Rolland Golden born?,Rolland Golden was born in New York City,False,0.36457696895620056,0.7378258423809115,1.0
In what city was Barbara Harris born?,,False,0.1965512616098433,0.6251593184791343,1.0
In what city was Huo Liang born?,Beijing,False,0.3307266897308738,0.7181356369109274,1.0
In what city was David Granger born?,New York City,True,0.3691657268154386,0.7309433738585057,1.0
In what city was John Mant born?,John Mant was born in London,False,0.24726659232726883,0.7182690016304355,1.0
In what city was Marilyn Ferguson born?,New York City,False,0.4453965250207503,0.7622266893664374,1.0
In what city was Andrea Magi born?,"Andrea Magi was born in Florence, Italy",False,0.16870695939462496,0.7274308669940892,1.0
In what city was Gérard Fromanger born?,"Paris, France",False,0.505059846586298,0.7126338938313388,1.0
In what city was Joe English born?,Joe English was born in Chicago,False,0.23631164237815913,0.6618696060751758,1.0
In what city was Mukhtar Mukhtarov born?,"Bishkek, Kyrgyzstan",False,0.17062539506122387,0.6901300542983015,1.0
In what city was Hank Autry born?,,False,0.4291516179712521,0.6694513542784859,1.0
In what city was Renato Bartilotti born?,"In Milan, Italy",False,0.19821495688525137,0.6551295417833713,1.0
In what city was Mapy Cortés born?,Mapy Cortés was born in Mexico City,False,0.43627617224695925,0.7914557165886581,1.0
In what city was Michelle Renaudddd born?,,False,0.1711811566791286,0.566877047363798,1.0
In what city was Olegarius born?,Olegarius was born in Moscow,False,0.5611750943473475,0.7234302438108664,1.0
In what city was Philibert Orry born?,"Paris, France",False,0.4634567022590877,0.696295257901656,1.0
In what city was Sam Storey born?,London,False,0.2738493933880794,0.6582978904021018,1.0
In what city was Israel Horowitz born?,New York City,True,0.41839236032964416,0.765141646573786,1.0
In what city was Everett Glass born?,"Everett Glass was born in Detroit, Michigan",False,0.8781538599760788,0.7750336819750565,1.0
In what city was Shagari Mohammed born?,"Born in Kaduna, Nigeria",False,0.283923487175664,0.6427545121652486,1.0
In what city was C. N. Annadurai born?,"Chennai, India",False,0.4158696492672589,0.7156622527801785,1.0
In what city was Frederick Mackenzie born?,London,False,0.2374332862129473,0.6716078979317923,1.0
In what city was Brian Kerwin born?,,False,0.20163648227903405,0.5984140748390193,1.0
In what city was Ken Irvin born?,,False,0.1417693052450884,0.6074009106154994,1.0
In what city was Gyula Czimra born?,"Budapest, Hungary",False,0.6169381827087936,0.7367972026654144,1.0
In what city was JB Magsaysay born?,"JB Magsaysay was born in Manila, Philippines",False,0.4610895204359276,0.5875267699799297,1.0
In what city was Serjik Teymourian born?,In what city was Serjik Teymourian born? - New York City,False,0.23220512264871546,0.6921499679451251,1.0
In what city was Dick Calmus born?,,False,0.18605408413440197,0.5120397082556161,1.0
In what city was Erik Pedersen born?,"Oslo, Norway",False,0.24728590017205204,0.7188744423556179,1.0
In what city was Pete Donohue born?,Pete Donohue was born in New York City,False,0.15002823527043113,0.7257900074537634,1.0
In what city was Louis Renault born?,"Paris, France",False,0.4539368773656316,0.7035668818879169,1.0
In what city was Tjokorda Ngurah Wim Sukawati born?,"Jakarta, Indonesia",False,0.7065778879466628,0.7790680271035048,1.0
