question,answer_pred,correct,token_prob_first,token_prob_mean,verbalized_conf
What is George Rankin's occupation?,Construction worker,False,0.3231959976297227,0.7514311354683301,0.8
What is John Mayne's occupation?,"Cannot determine confidence as the question contains a typo; the correct name should be John Maynard, and even then, his occupation is not provided",False,0.34495080509909065,0.7971725183445886,0.0
What is Henry Feilden's occupation?,Artist,False,0.34134603656065393,0.6875119073698475,0.7
What is Kathy Saltzman's occupation?,Author,False,0.1776119256686322,0.6400235547608847,0.6
What is Eleanor Davis's occupation?,Cartoonist,True,0.2833527020038058,0.7567829567046191,0.8
What is Alexander Rinnooy Kan's occupation?,Logistics manager,False,0.5231785626269742,0.7950078140046808,0.7
What is Scooter Braun's occupation?,"Music manager, record producer, and entrepreneur",False,0.4511197404786029,0.7094814867973103,0.95
What is Leona Detiège's occupation?,Bank teller,False,0.12577564694604432,0.6457365075213843,0.7
"What is William Murray, 1st Earl of Mansfield's occupation?",Judge,False,0.7468384467769255,0.8654965843116136,0.9
What is Þorsteinn Bachmann's occupation?,Cannot determine confidence as the information about Þorsteinn Bachmann's occupation is not provided,False,0.11502895149113541,0.8197680609585855,0.0
What is Herlyn Espinal's occupation?,Unable to determine due to lack of information,False,0.18276862013307799,0.8047246924165966,0.0
What is Jacob Kraemer's occupation?,Data analyst,False,0.18179062455127512,0.7038281510887135,0.8
What is Fred C. Newmeyer's occupation?,Data analyst,False,0.13116544989496845,0.6822187158370848,0.8
What is Edward Corser's occupation?,Teacher,False,0.14624006360348737,0.6618461932406604,0.7
What is Bae Geu-rin's occupation?,Cannot determine occupation without additional context,False,0.1395450733678045,0.6119810625554388,0.3
What is Javier Alva Orlandini's occupation?,Data analyst,False,0.17689434436741847,0.6608194688638321,0.8
What is Edgar Allan Poe's occupation?,Writer,True,0.7438893984986046,0.8015249882138656,1.0
What is John Finlay's occupation?,Cannot determine due to lack of information,False,0.29532452914677904,0.8506681306358292,0.5
What is John Floyd's occupation?,Construction supervisor,False,0.9294335261799288,0.7954115223739603,0.8
What is Sachiko Kokubu's occupation?,Cannot determine due to lack of information,False,0.13723912188473217,0.7461049982491751,0.0
What is Rudolf Hilferding's occupation?,Economist,True,0.6114016833391323,0.8339346859606503,0.8
"What is Charles Strachey, 4th Baron O'Hagan's occupation?",Lord-in-waiting to King Charles II,False,0.39054586462688706,0.824856402439203,0.8
What is Akari Hayami's occupation?,She is an actress,False,0.07494939365992137,0.6620112642778302,0.85
What is Richard Martin's occupation?,Stock trader,False,0.2431561587261788,0.6642670215484001,0.7
"What is Harvey Peltier, Sr.'s occupation?",Can not determine occupation with given information,False,0.09626490004375528,0.7084057621761828,0.0
What is Paris's occupation?,Mayor of Paris,False,0.29765902621018003,0.7940937543472756,0.8
What is Fairfax M. Cone's occupation?,Librarian,False,0.686442672315246,0.8556042054140744,0.8
What is Colleen Zenk Pinter's occupation?,Librarian,False,0.16696610729619998,0.6928401860775365,0.8
What is Thomas McMurtry's occupation?,"Professor of Computer Science,",False,0.5391589449073839,0.730613029311937,0.85
What is Albert Bates's occupation?,"Environmental consultant, educator, and author",False,0.6753652707406115,0.7492061587357126,0.95
What is Heath's occupation?,Actor,False,0.6438829866190695,0.7921171463109485,0.8
What is Wise's occupation?,Financial advisor,False,0.2981973746982366,0.7753139216376299,0.7
What is Stevie Cameron's occupation?,Can't determine due to lack of information,False,0.11032923511908706,0.7931806180910722,0.0
What is Yoshiki Tonogai's occupation?,Economist,False,0.0815066991018472,0.6105077766643449,0.8
What is Geeling Ng's occupation?,Data unavailable,False,0.2914666841598128,0.6983002662044177,0.0
What is Bruce McDaniel's occupation?,Firefighter,False,0.4128371693476307,0.748649818980435,0.7
What is Thomas R. Whitney's occupation?,Data not provided in the reference text,False,0.21688194839774927,0.7203087081575879,0.0
What is William Lescaze's occupation?,Architect,True,0.9535044417447736,0.7947259630383864,0.8
What is Edwin Wallock's occupation?,Cannot determine due to lack of information,False,0.1368190151371499,0.7271015572507924,0.5
What is Tsutomu Seki's occupation?,Cannot determine due to lack of information,False,0.10255146795450751,0.7293701161693156,0.0
What is Matthew McKay's occupation?,"Psychologist,",False,0.7582216193690435,0.7920246606315101,0.85
What is Dominick Bellizzi's occupation?,Tennis player,False,0.8612659608298326,0.8792052468978585,0.8
What is William Watson's occupation?,Author,False,0.25662173531051524,0.6895031477531264,0.8
What is Sarah Dawn Finer's occupation?,Emergency medical technician,False,0.17429058725131535,0.6998587388526923,0.8
What is Brendan Canty's occupation?,Musician,True,0.5283833303483729,0.7986944943341276,0.8
What is María Elena Marqués's occupation?,Journalist,False,0.9454309356030003,0.8757376815745453,0.8
What is Michael Arad's occupation?,Architect,True,0.9114704740233356,0.8899203529716925,0.8
What is Patrick O'Brien Demsey's occupation?,Financial advisor,False,0.3288429140930068,0.7347015591541486,0.8
What is Ole Krarup's occupation?,Can't determine due to lack of information,False,0.14062178535721062,0.7836538535686415,0.0
What is Antonio Álvarez Alonso's occupation?,Journalist,False,0.715638332501635,0.8599610561473237,0.8
What is Boutheina Jabnoun's occupation?,Data analyst,False,0.7784544265770387,0.8292432796520322,0.8
What is Robert Viharo's occupation?,Cannot determine due to lack of information,False,0.21119981673085544,0.8034852562898464,0.0
What is Ankita Sharma's occupation?,Data Scientist,False,0.6605229388474454,0.7160626943493453,0.85
What is Robby Krieger's occupation?,Guitarist,True,0.9197455065350097,0.8473862927958083,0.8
What is Paul's occupation?,Bus driver,False,0.11263811140591104,0.6479457171057187,0.8
What is Shozaburo Nakamura's occupation?,Police officer,False,0.09839334678920014,0.6859057090270746,0.8
What is Esquerita's occupation?,Singer,False,0.3138767689769728,0.773442877423659,0.8
What is Derek Wheatley's occupation?,Salesman,False,0.1129810607783027,0.656590487115571,0.8
What is Herman A. Barnett's occupation?,Real estate broker,False,0.7417747444826442,0.782051503380032,0.8
What is Modou Dia's occupation?,Modou Dia is a politician,False,0.23238755675545872,0.7573383854879817,0.9
What is Alex Krieps's occupation?,Data not sufficient to determine occupation,False,0.3645346838930872,0.7267418117553541,0.0
What is Veronica Franco's occupation?,Representative,False,0.4431396547903613,0.7754287618802105,0.7
What is Maev-Ann Wren's occupation?,Singer-songwriter,False,0.27234249737486943,0.7578898933398249,0.8
"What is Norman Crowther Hunt, Baron Crowther-Hunt's occupation?",Lord-in-waiting to the Queen,False,0.3261954005695398,0.5981825217987785,0.9
What is Vincenzo Di Nicola's occupation?,Chef,False,0.1304764611550567,0.649158368978536,0.8
What is Tor Aulin's occupation?,Journalist,False,0.4870590899302185,0.7854879162424665,0.8
What is Henry Tizard's occupation?,Aeronautical engineer,False,0.12466350795087934,0.6973105205711264,0.8
What is Glenn Albrecht's occupation?,"Not specified,",False,0.3116462584734366,0.6627458782925868,0.5
What is Thomas Hinds's occupation?,Data Analyst,False,0.3380051096454087,0.6991707835646256,0.8
What is Tobias Lindholm's occupation?,Film director,True,0.25939580927197853,0.7271237904705254,0.8
What is Lisa McRee's occupation?,Journalist,True,0.1175441090262769,0.6689343262934978,0.8
What is Rick Gilmore's occupation?,Military officer,False,0.11263429805783937,0.6810256767979426,0.7
What is Jon Eikemo's occupation?,Cannot determine confidence as the provided information does not include Jon Eikemo's occupation,False,0.2316986427955961,0.8284888446554295,0.0
What is Jilly Cooper's occupation?,Author,False,0.9801085582602465,0.8737402751477501,0.8
What is Ingrid Martinez's occupation?,Data analyst,False,0.3306437878890456,0.7087581975452567,0.8
What is Teddy Riley's occupation?,DJ and music producer,False,0.7793825285925302,0.8397012956343639,0.8
What is Gillian Raine's occupation?,Artist,False,0.1976537356109403,0.6571956728053102,0.7
What is Tolis Voskopoulos's occupation?,Cannot determine confidence as the information is not provided,False,0.08805544646266035,0.6959344223089553,0.0
What is Marco Ameglio's occupation?,"Insurance broker,",False,0.20556598217322034,0.6571706292391215,0.85
What is Mohd Sharkar Shamsudin's occupation?,Teacher,False,0.10930407340667002,0.6280337154553841,0.85
What is Anthony Sharp's occupation?,Data analyst,False,0.7701324707397248,0.848144084323813,0.7
What is Valgerður Bjarnadóttir's occupation?,Diplomat,False,0.143396634896694,0.7118446759863996,0.8
What is Wallace Dollase's occupation?,Can't determine due to lack of information,False,0.13995032536581214,0.791040601472869,0.0
What is Claire Berlinski's occupation?,Writer,False,0.37764109052391015,0.7175201605982287,0.8
What is James Cook's occupation?,Captain,False,0.28419394644611434,0.6828192561979707,0.7
What is Russell Stokes's occupation?,Data analyst,False,0.2573184568983496,0.696885541016766,0.8
What is Henk Bleker's occupation?,Unable to determine due to lack of information,False,0.14618336448251026,0.7931551185197357,0.0
What is Jim Brown's occupation?,Football coach,False,0.6390902361137508,0.7670040609478379,0.7
What is Christoph Schlingensief's occupation?,Director,True,0.4501893527440277,0.7197692551711516,0.8
What is C. E. Webber's occupation?,Teacher,False,0.23379324582483513,0.7018904345140027,0.8
What is Gladwyn Jebb's occupation?,Diplomat,True,0.4333575027185058,0.8230363436350314,0.8
What is Dean Alfange's occupation?,"Professor of Computer Science at University of California, Santa Barbara",False,0.1589414771853797,0.670767462545868,0.9
"What is Tyler, the Creator's occupation?",Musician,False,0.7489420239765202,0.8772083610092284,0.9
What is Edwin E. Ellis's occupation?,Pilot,False,0.17023151624377603,0.6228422731690365,0.7
What is Muhammad Ali Luqman's occupation?,Boxer,False,0.8372328307265455,0.7754041663297191,0.8
What is Ivo Perilli's occupation?,Firefighter,False,0.41792366155551436,0.7731448525237044,0.8
What is Nathan Purdee's occupation?,Farmer,False,0.36453007759459777,0.7542381594183936,0.8
What is Joseph Weydemeyer's occupation?,Military officer,False,0.3267257242067114,0.7040108658273776,0.8
What is Ai's occupation?,Data scientist,False,0.8499848229530613,0.8953201392556867,0.8
What is Rinaldo del Mel's occupation?,Banker,False,0.6005170961122631,0.8197066268534663,0.6
"What is Francis Howard, 5th Baron Howard of Effingham's occupation?",,False,0.428331533059373,0.5538572335143006,0.7
What is Luís Marques Guedes's occupation?,Financial advisor,False,0.12574803171988042,0.6658089550112648,0.7
What is Nigel Sheinwald's occupation?,Hairdresser,False,0.5359248377208709,0.7299213125290946,0.8
What is Ge You's occupation?,Actor,True,0.5410551362732223,0.7968119601640296,0.8
What is Annie Beustes's occupation?,Data not provided,False,0.2193195186623217,0.7152107381791029,0.0
What is Kazuyoshi Sekine's occupation?,Drummer,False,0.9383778540425824,0.8409905302518753,0.8
What is Elisa Bridges's occupation?,Cannot determine from the given information,False,0.2485443567995256,0.7353823101277829,0.0
What is Domingo Eyzaguirre's occupation?,Actor,False,0.40635656795693936,0.7522617289269548,0.8
What is Karol Życzkowski's occupation?,"Data not provided in the reference text,",False,0.2712659236582385,0.6890483094212164,0.0
What is Joyce Tang's occupation?,Data analyst,False,0.31854076493687256,0.6900410858864561,0.8
What is Suzanne Lilar's occupation?,Author,False,0.21452795480083892,0.6582551217426563,0.8
What is Karen Redman's occupation?,Teacher,False,0.16181368702255094,0.6655381213015783,0.7
What is Jean-Yves Daniel-Lesur's occupation?,Graphic designer,False,0.2156730973208889,0.7038193384673529,0.8
What is Eduard Looijenga's occupation?,Journalist,False,0.5150573304875996,0.8039451692490048,0.8
What is Petrus Camper's occupation?,Carpenter's son,False,0.7331795654273938,0.8270075259181747,0.6
What is Charles Harrison's occupation?,Software developer,False,0.19501859554470305,0.7259673703780147,0.7
What is Pathit Pisitkul's occupation?,Software developer,False,0.2661331946590706,0.6806113080634385,0.8
What is Jacopo Melani's occupation?,Singer,False,0.37217673174211496,0.7562112685724215,0.8
What is Jeremiah Smith's occupation?,Stockbroker,False,0.08881929206352239,0.6638453278122216,0.8
What is Richard Harris's occupation?,Actor,False,0.8166725602340003,0.8320752111326699,0.9
What is Peter W. Barca's occupation?,No information provided to determine his occupation with certainty,False,0.2708528369521771,0.745740896945407,0.0
"What is Harold Lever, Baron Lever of Manchester's occupation?",Lordship of an honor 70%,False,0.08951582503600053,0.6213054846188018,0.7
What is Peter Murnoy's occupation?,Salesman,False,0.3104321530078718,0.7467930992292178,0.8
What is Spencer Williams's occupation?,Cannot determine confidence as the information about Spencer Williams's occupation is not provided in the given context,False,0.13623708865957648,0.7642079286105058,0.0
What is Richard Lui's occupation?,News anchor,False,0.3503632337183749,0.7619864632442722,0.8
What is Charlotte von Hagn's occupation?,Cannot determine due to lack of information,False,0.28523306748423366,0.7874325536846775,0.5
What is James M. Geraghty's occupation?,Construction worker,False,0.612056903749601,0.8149409699448161,0.7
What is Michael Hutchings's occupation?,Teacher,False,0.21468398566493374,0.716163067851359,0.8
What is Gideon Olin's occupation?,Painter,False,0.1555273341228559,0.6364248712561505,0.8
What is Cecil Aldin's occupation?,Singer,False,0.8106984508534258,0.7895552573798121,0.8
What is Malcolm David Kelley's occupation?,Professor,False,0.45547508330536435,0.766622450889019,0.7
What is James Alex Msekela's occupation?,Data unavailable,False,0.3722336588585852,0.7043359150996759,0.0
What is Nancy Landon Kassebaum's occupation?,Senator,False,0.9584789871994751,0.8379026212967825,0.7
What is Reinhold Mack's occupation?,Truck driver,False,0.6042485998631393,0.8465162303311425,0.8
What is Del Quentin Wilber's occupation?,Can't determine due to lack of information,False,0.13456415859694718,0.7771445762179612,0.0
What is Pierre Pansu's occupation?,Cannot determine due to lack of information,False,0.16809990446205858,0.7435785347128504,0.5
What is Larry Coon's occupation?,Librarian,False,0.19519999122674103,0.7351903949920233,0.8
What is Masayoshi Nataniya's occupation?,Cannot determine confidence as the question contains a typo and the individual's name is likely a mistake,False,0.1878361157629982,0.6643652238385455,0.0
What is Leonida Tonelli's occupation?,Professor,False,0.18465277197194974,0.6826957595662546,0.7
What is Judith Rakers's occupation?,Television and radio personality,False,0.2450651550208543,0.6417746222022049,0.8
What is Hiroyuki Arai's occupation?,Pilot,False,0.11379678194617102,0.620926351521887,0.7
What is Ernst Timme's occupation?,Carpenter,False,0.14678171927518635,0.6713047241597259,0.7
What is Bill Kintner's occupation?,Fireman,False,0.21246118381991877,0.6995454416407804,0.7
What is Francesco Vettori's occupation?,Unable to determine occupation without additional context,False,0.11629192889640143,0.6676134094394457,0.0
What is Melinda Mullins's occupation?,Teacher,False,0.14935171817273982,0.6515458584680598,0.8
What is Tachibana no Moroe's occupation?,Soldier,False,0.20944875585076142,0.6502310663333289,0.9
What is Susan Kent's occupation?,Teacher,False,0.19212474580409308,0.6716683901249066,0.6
What is Meyer Lutz's occupation?,Firefighter,False,0.6763584649286032,0.7940689233225584,0.8
What is Ludwig Lichtschein's occupation?,Photographer,False,0.49646521234224644,0.8220259086874538,0.8
What is Will Smith's occupation?,Actor,True,0.9895819422567831,0.8420113707466962,0.9
What is Marjorie Margolies-Mezvinsky's occupation?,Representative,False,0.17009643759153809,0.6663034300230164,0.85
What is Władysław Sławny's occupation?,Journalist,False,0.24688619655672983,0.756454233321035,0.8
What is Pierre Chatenet's occupation?,Chef de cuisine,False,0.21371854278230396,0.7418083935097737,0.8
What is Friedrich Carl von Savigny's occupation?,Lawyer,False,0.6553188032082833,0.881703711373331,0.8
What is Luciano Vincenzoni's occupation?,Film director,False,0.5782027800675694,0.8193080617562102,0.8
What is Thandiswa Mazwai's occupation?,Singer,False,0.7382307716350405,0.8428136282836094,0.8
What is Ameer Sultan's occupation?,No information provided to determine his occupation,False,0.21159924910388903,0.7244464360532388,0.0
What is Wenceslao Vinzons's occupation?,Unable to determine due to lack of information,False,0.13998770112443695,0.7792839344851954,0.0
What is Maurizio Belpietro's occupation?,Chef,False,0.22453803611350429,0.6998471479979651,0.7
What is Dash's occupation?,"Dash is a character from the animated series ""Bob's Burgers"" and does not have a specific occupation mentioned, so his occupation cannot be determined with certainty",False,0.3419531658083901,0.7506941593436939,0.3
What is Baton Haxhiu's occupation?,Journalist,True,0.09952773540639819,0.6887490397896421,0.8
What is Johnson's occupation?,Politician,False,0.2059293009768516,0.7432434604724796,0.8
What is Samuel Wells Williams's occupation?,Missionary,True,0.49983221032998115,0.8132289548926898,0.8
What is Walter Köbel's occupation?,Security guard,False,0.21676051870064222,0.7145227915272772,0.8
What is Debbie Johnson's occupation?,Cannot determine confidence as the question does not provide information about Debbie Johnson's occupation,False,0.15869896641055947,0.7943317101705913,0.0
What is John Scurti's occupation?,Firefighter,False,0.5128330646377828,0.7966462355403438,0.8
What is John Barnes's occupation?,Not mentioned in the given information%,False,0.11661458133455813,0.6848949592838977,0.0
What is Kekko Fornarelli's occupation?,Chef,False,0.20685768295648038,0.6951441872719379,0.8
What is T Power's occupation?,Data not provided in the question,False,0.252837847642732,0.7911951332462757,0.0
What is Adil Shamoo's occupation?,Journalist,False,0.6305459717591294,0.8134706213152446,0.8
What is Patrick Mulvany's occupation?,Journalist,False,0.9330474717323771,0.8460708865547052,0.8
What is Graham Collier's occupation?,Cannot determine due to lack of information,False,0.29956293615846336,0.808973454563761,0.5
What is Arcangelo Ghisleri's occupation?,Painter,False,0.24150365734087856,0.74355314326953,0.8
What is Carlos María Ramírez's occupation?,Journalist,True,0.30269199436514105,0.7695183098947695,0.8
What is Tina Sloan's occupation?,Teacher,False,0.19014206909443707,0.665627479300941,0.8
What is Andrew Trischitta's occupation?,Financial advisor,False,0.12101445776064478,0.6982721127619266,0.7
What is Gerard Kennedy's occupation?,Writer,False,0.3380298909634288,0.7639977231505052,0.8
What is Giora Godik's occupation?,,False,0.19989135231897745,0.6301263232420249,0.5
What is Lillian Lawrence's occupation?,Teacher,False,0.2708652681845366,0.7040066631152971,0.8
What is Philip Rosenberg's occupation?,"Curator of Political History at the Smithsonian Institution,",False,0.2664084291204164,0.708750312443941,0.98
What is Sudarshan Faakir's occupation?,Cannot determine confidence as the specific occupation of Sudarshan Faakir is not provided in the given information,False,0.26993074231743563,0.8390608166755796,0.0
What is Shonali Bose's occupation?,Documentary filmmaker,False,0.3617376523440374,0.7653991691992185,0.8
What is Bruce Cockburn's occupation?,Musician,False,0.6728478633998705,0.8677893275614986,0.9
What is Archibald Thomas Pechey's occupation?,,False,0.39216958989820366,0.5306874810470267,0.8
What is Thomas Challis's occupation?,Professor of Chemistry,False,0.4568610790539786,0.7012471658017494,0.8
What is Mariana Vicente's occupation?,Actress,True,0.5495728288003727,0.8368050637325719,0.8
What is Huntington Wilson's occupation?,Unable to determine due to lack of information,False,0.21353281804833893,0.8261560568176813,0.0
What is Gaziza Zhubanova's occupation?,Actress,False,0.3113087747250706,0.7539647128720741,0.8
What is Ek Yi Oun's occupation?,Chef,False,0.17948936386394693,0.6656960129154316,0.7
What is Benjamin Mount's occupation?,Can't determine due to lack of information,False,0.205371060873804,0.8250405972866041,0.0
What is Ivan Mládek's occupation?,Graphic designer,False,0.40020844470617495,0.7807947840885321,0.8
What is Bala's occupation?,Cannot determine due to lack of information,False,0.25278610149380976,0.7980903455023642,0.0
What is Steve Tom's occupation?,Security analyst,False,0.18716248221204465,0.6754810545807949,0.8
What is Ilja Rosendahl's occupation?,Data analyst,False,0.18152785713574426,0.6437007680652989,0.8
What is Ron Nyswaner's occupation?,Journalist,False,0.3324585664365876,0.7876373307724394,0.8
What is Thanasis Pafilis's occupation?,Journalist,False,0.18889871289182988,0.7376117479404168,0.8
What is Nicholas Sanduleak's occupation?,Astronomer,True,0.9312013389078383,0.854968835705249,0.8
What is Christopher Butson's occupation?,Cannot determine due to lack of information,False,0.15685827607945896,0.7932713794028107,0.5
What is Otto Frankel's occupation?,Teacher,False,0.2663879775219087,0.6622549135187352,0.8
What is Hate Man's occupation?,Security guard,False,0.26262439834004286,0.7471478661970011,0.8
What is Rich Brightman's occupation?,Art director,False,0.16364686943660325,0.7092589131385806,0.7
What is Mr. Porter's occupation?,Can't determine due to lack of information,False,0.1555985080864962,0.7488223540236776,0.0
What is Felix Walker's occupation?,Private investigator,False,0.09294153536117278,0.6340105588721736,0.8
What is Javad Maroufi's occupation?,Professor,False,0.2048245889475234,0.7424666510306662,0.7
What is Franz Seitz Sr.'s occupation?,"Professor of Surgery at University of California, San Francisco",False,0.3113838591247811,0.7111989403264806,0.8
What is Chris Jericho's occupation?,Professional wrestler,False,0.8651335302717743,0.881038949609406,0.9
What is Frederick Dundas's occupation?,Gentleman's occupation,False,0.10539834504586643,0.709206913240502,0.7
What is Aim's occupation?,Aim is a student,False,0.34705839462701915,0.7015234696898449,0.8
What is Nadia Giosia's occupation?,Cannot determine due to lack of information,False,0.16956366219808722,0.7696112788785965,0.0
"What is Adele Capell, Countess of Essex's occupation?",Lady-in-Waiting,False,0.2051183160365416,0.7303179500947176,0.9
What is Edward Francis Hutton's occupation?,Economist,False,0.12194686699098536,0.6342735124961063,0.8
What is Kanye West's occupation?,"Musician, rapper, and producer",False,0.9433944829909726,0.7949035464586993,0.95
What is Hawthorne James's occupation?,Professor,False,0.20156846920690796,0.6802359749564433,0.3
What is Sırrı Süreyya Önder's occupation?,Journalist,False,0.810268818425979,0.8262912657336008,0.8
What is Edward Norton's occupation?,Actor,False,0.988617241629599,0.8804328464798238,0.9
What is Linden Ashby's occupation?,Firefighter,False,0.25568123875405935,0.7028854263319296,0.8
What is Lord Frederick Spencer Hamilton's occupation?,Gentleman's gentleman or lackey,False,0.1773270177480104,0.5803204935579556,0.8
What is Ann Friedman's occupation?,Food writer and blogger,False,0.526228908405921,0.6519001658067398,0.8
What is Olav T. Laake's occupation?,Cannot determine due to lack of information,False,0.1636238903586439,0.7956376953920719,0.0
What is Carolyn Eisele's occupation?,Astronaut,False,0.8203560160420965,0.8589317816272001,0.7
What is Jonathan Le Billon's occupation?,"Author of the book ""The Man Who Knew Too Much""",False,0.4184436113214533,0.6892576998998968,0.85
What is Mildred Okwo's occupation?,Cannot determine due to lack of information,False,0.1185075738452841,0.7423887518007853,0.5
What is Eliza Lawrence's occupation?,Tutoring,False,0.23155337621548333,0.6841281267019941,0.7
What is Charles Combe's occupation?,Unable to determine due to lack of information,False,0.13497714865573518,0.7826575186187856,0.0
What is GQ's occupation?,GQ is not a person and does not have an occupation,False,0.7919924806829438,0.8799471857410583,0.9
What is John D. Maurice's occupation?,Pharmacist,False,0.10926697009191835,0.6889589510057176,0.8
What is Harvey Benge's occupation?,Security guard,False,0.4080069691150289,0.7992860181583454,0.8
What is William Greaves's occupation?,Film director and producer,False,0.40533341782715404,0.6985362319254911,0.8
What is David Joyce's occupation?,Professor of Philosophy and Chair of the Department of Philosophy at Ohio University,False,0.9010080086980645,0.6420467500047321,0.95
What is Emmanuel Nnamdi Uba's occupation?,Pilot,False,0.12574728220543793,0.625338670352476,0.8
What is Zhu Houren's occupation?,Emperor of the Later Liang dynasty,False,0.4469894412913747,0.7264058214963875,0.8
What is Ayumi Hamasaki's occupation?,Singer,True,0.9788797493609618,0.8768236420221931,0.9
What is Kristina Lugn's occupation?,Cannot determine due to lack of information,False,0.14321488486438771,0.7825149928721757,0.5
What is Luca Coscioni's occupation?,Author,False,0.10546480686589574,0.5893619792571733,0.6
What is Raymond S. Burton's occupation?,Cannot determine due to lack of information,False,0.10179317584944975,0.7739733693769056,0.5
What is Beth Hart's occupation?,Singer-songwriter,False,0.9592997437559303,0.8107190222009888,0.8
What is Benazir Bhutto's occupation?,Former Prime Minister,False,0.7099484735164496,0.8309802233233082,0.9
What is Alan Huckle's occupation?,Can't determine due to lack of information,False,0.15036556279704294,0.8037901746345582,0.0
What is Gunnar Uldall's occupation?,Fireman,False,0.11037333033664663,0.6656996631217903,0.7
What is Vishwanath Rao Ringe's occupation?,Priest,False,0.0989086739381228,0.6598199430084192,0.8
What is Alfred Mombert's occupation?,Cannot determine confidence as the text does not provide information about Alfred Mombert's occupation,False,0.0992749606416975,0.7707247269024838,0.0
What is Famke Janssen's occupation?,Actress,True,0.8975769884061104,0.8620838389935428,0.9
What is Sylwester Braun's occupation?,Dentist,False,0.25588455738267035,0.7511029446513815,0.8
What is Jack Mackenzie's occupation?,Firefighter,False,0.22359149393749145,0.7155485700564509,0.8
What is Kiko Mizuhara's occupation?,Fashion designer,False,0.9671010963500363,0.8991749777112958,0.8
What is Michael Radford's occupation?,Director,True,0.930397150026966,0.7912553170680928,0.8
What is Henry Campbell-Bannerman's occupation?,Politician,True,0.35587394884939877,0.7884821553625327,0.9
What is Robert Voisey's occupation?,Painter,False,0.09624573758177274,0.601053603577425,0.8
What is Richard Vaughan's occupation?,Professor of English literature,False,0.8533968936410251,0.7763676000536283,0.8
What is Brian Eno's occupation?,Producer and musician,False,0.6552532246750815,0.7749186664565717,0.9
What is Ernst Theodor Echtermeyer's occupation?,Surgeon,False,0.47187878995995225,0.7865658358465297,0.8
What is Felicia Chateloin's occupation?,Unable to determine due to lack of information,False,0.1310119303665011,0.7377190868712636,0.0
What is Debra Weeks's occupation?,Singer,False,0.7942780260743217,0.812813670342417,0.8
What is Bedřich Feigl's occupation?,Researcher,False,0.27576842042333916,0.7192718101128096,0.8
What is Richard Marles's occupation?,Cannot determine due to lack of information,False,0.2371140026686095,0.8117382328905856,0.5
What is Burna Boy's occupation?,Musician and singer,False,0.8444951743768178,0.8138177960610492,0.95
What is Michael Costa's occupation?,Military officer,False,0.21775275983234635,0.6707134252881505,0.8
What is Edward F. Cox's occupation?,Unable to determine due to lack of information,False,0.1008166064487035,0.7630293981860256,0.0
What is Sven Alkalaj's occupation?,"Web developer,",False,0.29718105433451464,0.7406205288509626,0.85
What is Glenn Gould's occupation?,Pianist,True,0.9806308155425583,0.8364385645110586,1.0
What is Alex Reid's occupation?,Cannot determine confidence as the information is not provided,False,0.27382520422126144,0.7484476795135211,0.0
What is Isabelle Adriani's occupation?,Unable to determine due to lack of information,False,0.15579547237902258,0.774841783568863,0.0
What is Edward Gunasekara's occupation?,Photographer,False,0.156222177769358,0.7054588554791299,0.8
What is David M. Westcott's occupation?,Cannot determine due to lack of information,False,0.18209624907984173,0.7699528342838023,0.5
What is Carl Linnaeus's occupation?,Physician and naturalist,False,0.6431490150769912,0.7998896903086231,0.9
What is Firaq Gorakhpuri's occupation?,Teacher,False,0.17420253555572154,0.715567952771591,0.8
What is Gordie Gosse's occupation?,Firefighter,False,0.13485707020261087,0.6267785028031034,0.8
What is Nenad Popović's occupation?,Pilot,False,0.5483607790722846,0.7563630869392454,0.7
What is Björn Böhning's occupation?,Psychologist,False,0.1861738913180272,0.6966413034549259,0.85
What is Frederick Berry's occupation?,Librarian,False,0.2400049690146932,0.756527842836051,0.8
What is Susan Soltero's occupation?,Teacher,False,0.4324775901483134,0.7510942332829419,0.8
What is Joseph R. Perella's occupation?,Financial advisor -,False,0.46213944071893104,0.7170059159817056,0.85
What is Stanley Peiris's occupation?,Lawyer,False,0.5551114745197537,0.8202963117909093,0.8
What is P. Palaniappan's occupation?,Professor,False,0.6784544514496283,0.8183748659484276,0.7
What is Alice's occupation?,,False,0.1809753050206433,0.5083284041501899,0.5
What is J. Da Silva's occupation?,Police officer,False,0.1817813062036905,0.7571468846985882,0.8
What is Carsten Carlsen's occupation?,Data analyst,False,0.286825648602845,0.7397090643724223,0.7
What is Josh Mankiewicz's occupation?,Video producer and director,False,0.11401246260255957,0.6294718311605965,0.85
What is Shiva Nageswara Rao's occupation?,Software developer,False,0.255033424901733,0.6953716588820749,0.8
What is Abdirizak Haji Hussein's occupation?,Journalist,False,0.5185294021082151,0.7969343034986769,0.8
What is Fritz Goos's occupation?,Cannot determine due to lack of information,False,0.1521249850532192,0.7387253015293501,0.0
"What is Charles A. Gillespie, Jr.'s occupation?",Pilot,False,0.15384867955546283,0.6850875091885044,0.7
What is Tharman Shanmugaratnam's occupation?,Political advisor,False,0.1739086461758256,0.6630817647147493,0.7
What is Alexander Gadolin's occupation?,Actor,False,0.2504656464155871,0.7038524672768354,0.8
What is Levi P. Powers's occupation?,Not mentioned in the provided information%,False,0.11775018692983029,0.727844561297016,0.0
What is Kamya Panjabi's occupation?,Singer,False,0.8053775983195763,0.8367444481454736,0.7
What is Robert Gwilym's occupation?,Data scientist,False,0.40171792069491247,0.7652932189183401,0.8
What is Min's occupation?,Cannot determine confidence as Min's occupation is not provided in the given information,False,0.18061888824461383,0.7910141034042749,0.0
What is John Strange's occupation?,He is a teacher,False,0.235127288177597,0.7207415096916866,0.7
What is Everley Gregg's occupation?,Data not provided in the reference material,False,0.13437176860520691,0.718341092533077,0.0
What is Ruby Rose's occupation?,Actress,True,0.7392967405004371,0.8303292530631283,0.9
What is Meg McCall's occupation?,Actress,False,0.09202879753690156,0.6583095543664659,0.8
What is Walter de la Pole's occupation?,Chancellor of the Exchequer,False,0.3662765912953784,0.7696639813103392,0.8
What is Todd Verow's occupation?,Journalist,False,0.09628353833648232,0.6642997528551955,0.8
What is Kyaw Swe's occupation?,Political prisoner,False,0.2859155293701568,0.711422058011378,0.8
What is Guillaume du Tillot's occupation?,Unable to determine due to lack of information,False,0.19411460532244942,0.801132592438519,0.0
What is James J. Gibson's occupation?,Cannot determine due to lack of information,False,0.3105150954206924,0.782647303398197,0.5
What is Edwin H. Knopf's occupation?,Publisher,False,0.5510743321647787,0.7129152942830725,0.85
What is Apurba Kishore Bir's occupation?,Police officer,False,0.2092982015789216,0.6735372532503783,0.8
What is Prince Radu of Romania's occupation?,Bodyguard,False,0.5187345090210856,0.8139367934257119,0.8
What is Tatiana Doronina's occupation?,Journalist,False,0.23755528057060868,0.7600796257619684,0.8
What is Havergal Brian's occupation?,Composer,True,0.7822912296549591,0.8798194191498053,0.8
What is Marina Baker's occupation?,Chef,False,0.26350124139865605,0.7091194927270464,0.8
What is Naathan Phan's occupation?,Cannot determine due to lack of information,False,0.17530677291928828,0.7757140194882345,0.0
What is Paul Caillaud's occupation?,Cannot determine due to lack of information,False,0.12484809981108626,0.7398041703555588,0.0
What is Rusty Willoughby's occupation?,Security guard,False,0.11149107887526628,0.671085285046778,0.8
What is Matthew Underwood's occupation?,Firefighter,False,0.45194487888237644,0.758502673832994,0.8
What is George Washington Owen's occupation?,Military officer,False,0.23457665254924032,0.7279329431534105,0.7
What is Ebenezer Webster's occupation?,Unable to determine due to lack of information,False,0.22395914382065032,0.7956237166880195,0.0
What is Bridie O'Flaherty's occupation?,Singer,False,0.43471420514870346,0.7241435926593931,0.8
What is John Jay's occupation?,Lawyer,False,0.3955268965736848,0.791810170335247,0.8
What is Ivan Kulichenko's occupation?,Cannot determine due to lack of information,False,0.22016071970899476,0.7877581585468036,0.5
What is Christopher Beazley's occupation?,Journalist,False,0.5112082445975662,0.794943026761329,0.8
What is Christine Juarbe's occupation?,Unable to determine due to lack of information,False,0.141973420777108,0.7898506302828392,0.0
What is Olivier Alary's occupation?,Financial advisor,False,0.16545564613705868,0.686425170515419,0.7
What is Giuseppe Demachi's occupation?,Chef,False,0.16229086397071474,0.6748769487225884,0.7
What is Affonso Beato's occupation?,Photographer,False,0.73277981114268,0.845809219349807,0.8
What is Scott Z. Burns's occupation?,Journalist,False,0.6680762230133843,0.8294278428341852,0.8
What is Vanessa Angel's occupation?,Actress,True,0.6719490927203574,0.8467638561800639,0.8
What is Atsushi Kaneko's occupation?,Cannot determine due to lack of information,False,0.13572526778864785,0.7677263358326465,0.0
What is William Molyneux's occupation?,Game designer and producer,False,0.8074252618690798,0.7551987956284244,0.85
What is Richard Faith's occupation?,Cannot determine confidence as the provided information does not include Richard Faith's occupation,False,0.10722324598750524,0.805046659447185,0.0
What is E. David Redwine's occupation?,Lawyer,False,0.12826197590406976,0.7123772334883647,0.8
What is Kyriakos Mavronikolas's occupation?,Data not provided in the snippet,False,0.19283892750058532,0.6859377097039016,0.0
"What is John Blake, Jr.'s occupation?",Journalist,False,0.461610316328189,0.7819421313889154,0.8
What is Amitabh Bachchan's occupation?,Actor,True,0.9874168630005018,0.924529108116872,1.0
What is Mami Matsui's occupation?,,False,0.1314450715307534,0.5464203310497745,0.8
What is Marie-France Mignal's occupation?,Journalist,False,0.3531813445075893,0.7674053472029198,0.8
What is Chiara Zanni's occupation?,Journalist,False,0.24040040987830924,0.7613873283525265,0.8
What is P. J. Moloney's occupation?,Journalist,False,0.7908165454457564,0.8067058502908556,0.8
What is Andreas Rüdiger's occupation?,Political scientist,False,0.3170777310157445,0.7936004990619946,0.7
What is Robert Lewis's occupation?,Data not provided,False,0.17531122429151844,0.7187074263917231,0.0
What is Arthur W. Rice's occupation?,"Data not provided in the reference text,",False,0.3480358304631883,0.7119281784911571,0.0
What is Richard Franck's occupation?,Actor,False,0.2695332155940223,0.7071965524953637,0.8
What is Guillem Ramon de Gironella's occupation?,Neurosurgeon,False,0.5169755794510542,0.8337552775863193,0.8
What is Dima Grigoriev's occupation?,Economist,False,0.31354146713848713,0.7544654044840107,0.7
What is Grace Frankland's occupation?,Data not provided,False,0.17912756676313873,0.7035871899552378,0.0
What is Hermann Ahlwardt's occupation?,Member of the German Reichstag,False,0.6516549592051358,0.7068618693630462,0.8
What is Alexandre Bóveda's occupation?,Artist,False,0.19301992946071678,0.6532854129484957,0.5
What is Paddy Mullins's occupation?,Journalist,False,0.0726964257242933,0.6379395977824586,0.8
What is Alan Mauritz Swanson's occupation?,Software developer,False,0.66738038487519,0.8590438926710552,0.7
What is Harvey William Burk's occupation?,Cannot determine confidence as the information is not provided,False,0.14768852987659717,0.7563677569203646,0.0
What is Richard Sandrak's occupation?,Pilot,False,0.37566526845317044,0.7007400317747422,0.5
What is Amin Amidu Sulemana's occupation?,Unable to determine due to lack of information,False,0.1503315450489102,0.7787344732221105,0.0
What is Jim Boyd's occupation?,Cannot determine due to lack of information,False,0.22007431121677398,0.790368888461259,0.5
What is Nosrat Karimi's occupation?,Ambassador,False,0.13709356082666893,0.6654477642584374,0.8
What is Ashlie Walker's occupation?,Actress,True,0.5673440727514304,0.7991054233095242,0.8
What is Jörg A. Eggers's occupation?,Data Scientist,False,0.23913184241722377,0.6619757804219253,0.85
What is Duilio Forte's occupation?,Software developer,False,0.41593021018073345,0.7599110750334324,0.8
What is Petru Vlah's occupation?,Cannot determine confidence as the specific occupation of Petru Vlah is not provided in the given information,False,0.12411506716825572,0.8123182926219935,0.0
What is Richard Howland Hunt's occupation?,Painter,False,0.24137638381155582,0.7304983614848554,0.8
What is Giovanni Grasso's occupation?,Chef,False,0.5842834045847034,0.8002302104610322,0.8
What is Adam Darr's occupation?,Salesman,False,0.1360476424991442,0.6882765118604085,0.8
What is Pierre Abraham's occupation?,Data not provided in the name,False,0.18188270682992572,0.6182293551922118,0.0
What is Paul Lieber's occupation?,Unable to determine due to lack of information,False,0.16726479347639212,0.8302454762917616,0.0
What is Rumi's occupation?,Poet and Sufi mystic,False,0.8609020693727393,0.7668934019009123,0.9
What is Bernard Peiffer's occupation?,I cannot provide an answer without additional context about Bernard Peiffer,False,0.06264900967106775,0.6973654247909343,0.0
What is Elvin Penner's occupation?,Real estate agent,False,0.3318876804514605,0.7892239223750378,0.8
What is Keiko Aizawa's occupation?,Tutoring,False,0.130185583766381,0.6088922348353983,0.6
What is Rodrigo Arocena's occupation?,Data analyst,False,0.3492627047085556,0.7600950525161695,0.7
What is Robert Florey's occupation?,Film director,False,0.6607204691619772,0.845416596798278,0.8
What is Petros Efthymiou's occupation?,Graphic designer,False,0.11238775216655104,0.692115849053971,0.7
What is Fidel Antuña Batista's occupation?,,False,0.17927795969830726,0.5658657388808408,0.7
What is Billy Flynn's occupation?,Theatre manager,False,0.24123407927832977,0.7475729111494512,0.7
What is Şefik Birkiye's occupation?,Translator,False,0.5029156239517409,0.8167512344333611,0.8
What is Isobel Pravda's occupation?,Journalist,False,0.9421850443610489,0.8935502053310015,0.8
What is Natasha Leggero's occupation?,Journalist,False,0.649487381525663,0.813531458544754,0.8
What is Dorothy Hewett's occupation?,Singer,False,0.313751035540462,0.759784428369313,0.8
"What is William Phillips, Sr.'s occupation?",Farmer,False,0.5457547201268498,0.8375689320700772,0.7
What is Michael Jackson's occupation?,Singer,True,0.9624612322575925,0.816351273374832,0.9
What is Rodrigo Cortés's occupation?,Cannot determine due to lack of information,False,0.14594697480852695,0.770157113560808,0.0
What is Richard Rishi's occupation?,Data not provided in the original context,False,0.09987509585353573,0.6106791818228647,0.0
What is Seungri's occupation?,Singer,False,0.37325260667760407,0.7130405416353592,0.8
What is Toni Jennings's occupation?,Teacher,False,0.5469031451917307,0.7504346473940268,0.8
What is Switch's occupation?,"DJ, musician",False,0.40311267078975044,0.6554839610353967,0.8
What is Thomas Gifford's occupation?,Professor of history,False,0.21291431669187633,0.5868779966159015,0.8
What is DM Sevilla's occupation?,Security officer,False,0.25370989960473966,0.6804547467191879,0.8
What is Sardar Muhammad Yousaf Zaman's occupation?,Journalist,False,0.15677645206444116,0.7024478955425626,0.8
What is Jaclyn Stapp's occupation?,Pilot's seat,False,0.35205248984859644,0.66687424123625,0.6
What is Thomas Jefferson Kaye's occupation?,Software developer,False,0.6761555743129773,0.7805258259276285,0.8
What is Pietro Marcenaro's occupation?,,False,0.14576930786975378,0.5799266121010537,0.8
What is William Australia Graham's occupation?,Journalist,False,0.5931757555352382,0.8453188593736274,0.8
What is Gino Coppedè's occupation?,Singer,False,0.7804650614464835,0.8410855258885804,0.8
What is Richard Myers's occupation?,Geneticist,False,0.3234724769148004,0.713703849102275,0.8
What is Robert Carson's occupation?,Firefighter,False,0.12605958638242487,0.6315752059988243,0.8
What is Conrad Weiser's occupation?,Teacher,False,0.12844938483936708,0.6360324166776387,0.8
What is Paul Hindemith's occupation?,Composer,True,0.8963628442092051,0.8077378351580683,0.8
What is Carlo Giustini's occupation?,Salesperson,False,0.04669752909497562,0.5933034671141222,0.8
What is Alfredo Narciso's occupation?,Guitar player,False,0.18369462655835453,0.6717183480362823,0.8
What is Lindsay Ellingson's occupation?,Photographer,False,0.4348655516452974,0.8052828864142534,0.7
What is Shelley Wark-Martyn's occupation?,,False,0.14109798375169652,0.46740172687076864,0.8
What is José Feliciano's occupation?,Musician,False,0.42747313818753335,0.8191485162934712,0.8
What is Hugo Becker's occupation?,Data analyst,False,0.2760474000460874,0.7465528580802236,0.8
What is Frits Castricum's occupation?,Chief of Staff to the Prime Minister,False,0.1490884140767941,0.7251608487624255,0.8
What is John Bell's occupation?,Not mentioned in the given information%,False,0.15060688295842664,0.71821636144963,0.0
What is David Sharp's occupation?,Journalist,False,0.3463049087821982,0.7298660515035488,0.8
What is Galina Starovoytova's occupation?,Opposition politician,False,0.64796673870577,0.7787109391237721,0.8
What is Per Risvik's occupation?,"Founder and CEO of The Red Seabuckt,",False,0.22570434942244255,0.5218931904916945,0.9
What is Eleanor Yule's occupation?,Tutoring,False,0.24634719548467976,0.6210004957777835,0.6
What is Claire Adams's occupation?,Cannot determine confidence as the provided information does not include Claire Adams's occupation,False,0.2991893141883285,0.8532751058049599,0.0
What is Agneta Bolme Börjefors's occupation?,Author,False,0.5733195581618066,0.7981176879360793,0.8
What is Lothrop Stoddard's occupation?,Journalist and writer,False,0.3249781884206809,0.6956953445390219,0.85
What is G.E.M.'s occupation?,"Singer, songwriter",False,0.29748098668111905,0.7163192786802954,0.9
What is Larry Sitsky's occupation?,Musician,False,0.5062660432198421,0.8412868433929199,0.8
What is Brigitte Bardot's occupation?,Actress,True,0.9749283195668571,0.8301079924143867,0.8
What is Alexander Bogdanov's occupation?,Medical doctor and revolutionary theorist;,False,0.27555649645372315,0.7748081069557805,0.9
What is Chris Lang's occupation?,Software developer,False,0.7242314872705398,0.8309182634885355,0.7
What is Pamela Winslow's occupation?,Cannot determine confidence as the specific occupation of Pamela Winslow is not provided in the given information,False,0.12278960870629392,0.8027283881165956,0.0
What is Alan Bjerga's occupation?,"Data Journalist,",False,0.4196771462454319,0.660346719975418,0.85
What is Tadhg Dall Ó hUiginn's occupation?,Software engineer,False,0.19146129314432528,0.6658847287606722,0.8
What is Leigh Whannell's occupation?,Screenwriter and director,False,0.6762827592746854,0.8317354430183913,0.9
What is Yannis Ritsos's occupation?,"Poet, playwright, and political activist;",False,0.9870426653668583,0.8307668421952202,0.95
What is Andy C's occupation?,DJ and music promoter,False,0.8970821517892391,0.741971390784531,0.8
What is Frequency's occupation?,Data analyst,False,0.2626496019000297,0.7443953384232187,0.7
What is Zoran Rankić's occupation?,Pilot,False,0.5600799186010192,0.7487102083129519,0.5
What is Chitra Bahadur K.C.'s occupation?,Prime Minister of Nepal,False,0.45412111707325975,0.7800625806797269,0.9
What is Ski Beatz's occupation?,Music producer and DJ,False,0.3400401831758683,0.7382041262100677,0.9
What is Siegfried Czapski's occupation?,"Painter, draftsman, and sculptor",False,0.47897788464070556,0.6729303646852849,0.85
What is George Minor's occupation?,Military officer,False,0.33154210986256144,0.7262908541906662,0.7
What is Lord George Hamilton's occupation?,Lord George Hamilton's occupation is not specified in the given information,False,0.15687396529454048,0.7627788322055087,0.5
What is Mariángel  Carolina Ruiz Diaz's occupation?,Journalist,False,0.8086028678799173,0.8238390694265407,0.85
What is Michael Shelley's occupation?,"Professor of Neurobiology, Behavior, and Cognitive Science",False,0.5421406097143134,0.6853703540193512,0.85
What is Anjali Sudhakar's occupation?,Film director,False,0.5417017357931706,0.8210185349142346,0.8
What is Greg Miller's occupation?,Can not determine due to lack of information,False,0.37230330991207805,0.7929779011000418,0.0
What is Rose Beaudet's occupation?,,False,0.1134727271380392,0.4443569403146659,0.8
What is Jean Gabriel Marie's occupation?,Priest,False,0.4154948042403843,0.8168039966485112,0.8
What is Ava Deluca-Verley's occupation?,Actress,True,0.25382355392933403,0.7370266075550268,0.8
What is Sayaka Ichii's occupation?,Teacher,False,0.33096873374060254,0.7607120797939327,0.8
What is George Birnie Esslemont's occupation?,Cannot determine due to lack of information,False,0.3364738953956644,0.8160625031376844,0.0
What is Tiffany Pollard's occupation?,Actress,True,0.40463039951075436,0.786078839561819,0.8
What is Shorty Hamilton's occupation?,Race car driver,False,0.16012565828574093,0.7268054629059856,0.8
What is Ajay Kumar Parida's occupation?,Data scientist,False,0.4800783236787405,0.7180200887604801,0.85
What is Baruch Steinberg's occupation?,Artist,False,0.907896815865391,0.8697871509712851,0.8
What is Charles Martin Smith's occupation?,Actor,True,0.9573800546956984,0.8477021742864389,0.9
What is Bobby Henon's occupation?,Can't determine Bobby Henon's occupation without additional context,False,0.25747586649459614,0.7797162542894467,0.0
What is Erwin Schulhoff's occupation?,Musician,False,0.3684051732141743,0.8007493744135784,0.8
What is A. Lawrence Kocher's occupation?,Professor,False,0.08060849135141275,0.6287267314374267,0.7
What is John Andrew Martin's occupation?,Political activist,False,0.2780253434539289,0.7089888922372263,0.7
What is Salvador Allende's occupation?,President,False,0.9160797008810379,0.8491868280568998,0.7
What is Nandor Balazs's occupation?,Data analyst,False,0.279567515759538,0.6911455964106893,0.8
What is Maurice Le Boucher's occupation?,Journalist,False,0.1291189572145001,0.6830836872078945,0.8
What is T. P. Poonatchi's occupation?,Journalist,False,0.4674874518893544,0.796311834361686,0.8
What is Joni Jenkins's occupation?,Can't determine due to lack of information,False,0.13368996861024401,0.7779906172265909,0.0
What is Martin Shapiro's occupation?,Professor of finance and economics,False,0.6808416937618834,0.6950414888699558,0.8
What is Gabriel Gonsum Ganaka's occupation?,Teacher,False,0.5016273748737783,0.8393381318128453,0.8
What is Max Fechner's occupation?,Data unavailable%,False,0.4864838615874876,0.7454560693551725,0.0
What is Augustine Steward's occupation?,Teacher,False,0.16017951590358842,0.6892093722175173,0.8
What is Andrew Ure's occupation?,"Professor of Anatomy and Medicine at the University of Edinburgh,",False,0.16291158348270487,0.6756625050153654,0.95
What is Guy Joseph Bonnet's occupation?,Truck driver,False,0.5121916459113927,0.8222863846601639,0.8
What is Rhea Silvia's occupation?,Actress,False,0.7877479171814551,0.8615497614043252,0.8
What is Jason Reitman's occupation?,Director,True,0.6257186454106474,0.8019731018128765,0.8
What is Lewis J. Rachmil's occupation?,Professor,False,0.19425164403618964,0.6582006171290848,0.3
What is René Bégin's occupation?,Political scientist,False,0.2857346017302679,0.7293880587120181,0.8
What is Johann Heinrich Lambert's occupation?,Astronomer,True,0.7617403926316092,0.8091330985375351,0.8
What is Robert Jonckheere's occupation?,Pilot,False,0.16701414234187262,0.6608265457329325,0.6
What is Klaus Rainer Röhl's occupation?,Journalist,True,0.09105891366525413,0.6790408320324771,0.8
What is Yuki Kaida's occupation?,Author,False,0.3096362792295706,0.694383293452441,0.7
What is Tracy Coogan's occupation?,Financial advisor,False,0.11108297687371241,0.6790625150351391,0.7
What is Arafan Camara's occupation?,"Data not provided in the reference text,",False,0.255079914336782,0.6750633423882214,0.0
What is George Lewis's occupation?,"Musician, composer, and philosopher",False,0.5372859875266771,0.7356702162945212,0.85
What is Louis O'Dea's occupation?,Actor,False,0.18290015631707263,0.6697575730503544,0.8
What is Mohamed Bazoum's occupation?,,False,0.14687900396413922,0.6285341550094983,0.5
What is Dennis Rodman's occupation?,Professional basketball player and diplomat,False,0.6929690927061877,0.706996093581218,0.9
What is Guo Gengmao's occupation?,"Chief of the General Department of the People's Liberation Army of China,",False,0.2690574245092274,0.794134704026483,0.9
What is Derek Ingram Hill's occupation?,Social worker,False,0.11568608787523443,0.6688949557078008,0.8
What is Jacques Monasch's occupation?,Journalist,False,0.16367176382761783,0.6880694883350973,0.8
What is Sebaki Devi Das Tatma's occupation?,Actress,False,0.43194475904022295,0.7685915741875347,0.8
What is Robert Antoine's occupation?,Cannot determine confidence as the question does not provide any information about Robert Antoine or his occupation,False,0.12854984255818253,0.804994047663445,0.0
What is Howard Fowles's occupation?,Cannot determine due to lack of information,False,0.13840648209305886,0.7592530490030982,0.5
What is Seif Sharif Hamad's occupation?,Diplomat,False,0.16275318864943505,0.695967917198646,0.8
What is Fernanda Vasconcellos's occupation?,Actress,True,0.981553316757024,0.8920339196102164,0.8
What is Julia de Asensi's occupation?,Journalist,True,0.43215342856793487,0.7779442347844671,0.8
What is Đurđa Ivezić's occupation?,Singer,False,0.4790332734979724,0.7558551319835715,0.8
What is Rick Wilson's occupation?,Political consultant,False,0.31587315307030833,0.7345282206009393,0.8
"What is John Campbell, 3rd Earl of Breadalbane and Holland's occupation?",Lord of the manor,False,0.24744637572121267,0.7168260119725519,0.9
What is Ya'akov Ahimeir's occupation?,Journalist,True,0.544174191991793,0.8177583835442493,0.8
What is Jean-Baptiste de Lamarck's occupation?,Naturalist,False,0.4010496423238793,0.7833975326334938,0.9
What is James Anderson's occupation?,Cricket player,False,0.33775671187991224,0.7522710313734107,0.8
What is Jeet Ganguly's occupation?,Stockbroker,False,0.12928625535423652,0.6765341331829892,0.8
What is Žarko Petan's occupation?,Software developer,False,0.22220499537848076,0.732808839289106,0.7
What is Akimasa Nakamura's occupation?,"Data not provided in the reference text,",False,0.2933193071599677,0.7104229163636838,0.0
What is Thomas Widdrington's occupation?,Teacher,False,0.33652532138876357,0.746201459866741,0.8
What is Will Smith's occupation?,Actor,True,0.9895819422567831,0.8420113707466962,0.9
What is Jean-Marie-Victor Viel's occupation?,Financial advisor,False,0.180002656742901,0.7363674953989238,0.7
What is Eckart von Hirschhausen's occupation?,Unable to determine from the given information,False,0.134662656113756,0.7670248889483247,0.0
What is Enos Thompson Throop's occupation?,Pilot,False,0.17035618227675828,0.6718866697441641,0.7
What is Ali Hillis's occupation?,Can't determine due to lack of information,False,0.19249074123487037,0.8387926924824545,0.0
What is Dinesh Singh's occupation?,Software engineer,False,0.17934247078569665,0.674384801433295,0.7
What is Virginia Haviland's occupation?,Actress,False,0.6645673535566308,0.8283668355970077,0.8
What is Val McLane's occupation?,Director,False,0.54576181160746,0.7702817706534976,0.8
What is Heinrich Hofmann's occupation?,Photographer,False,0.4461319719267737,0.8263673909419503,0.8
What is Frances Josephy's occupation?,Journalist,True,0.4157562854945674,0.8156286254043693,0.8
What is Pyotr Lavrov's occupation?,Artist;,False,0.14763623217363622,0.7259075651874272,0.8
What is Uri Nakayama's occupation?,Data Scientist,False,0.1847760601238168,0.6312102847173268,0.8
What is Edward Drinker Cope's occupation?,Paleontologist,False,0.4787207815141358,0.820985182730534,0.8
What is Edwin N. Hubbell's occupation?,Lawyer,False,0.6634882680724887,0.8700818824696628,0.8
What is Donald Trump's occupation?,Real estate developer and businessman,False,0.937272009754826,0.8870226099801332,0.9
What is John Williams Tobey's occupation?,Pilot,False,0.26855682849656487,0.7151197219199639,0.7
What is Ivan III Drašković's occupation?,Serf,False,0.2825475606647816,0.6024625519204584,0.7
What is Michael's occupation?,Can't determine due to lack of information,False,0.1521212312142769,0.8099512028356335,0.0
What is Jorge Traverso's occupation?,Chef,False,0.28661127476300163,0.7322265373315633,0.7
What is Peter's occupation?,Can't determine due to lack of information,False,0.21638884698002128,0.8431068815143485,0.0
What is Mariví Bilbao's occupation?,Actress,True,0.6664667111231516,0.8416422013177144,0.8
What is Mark T. Vande Hei's occupation?,Astronaut,True,0.976472675657908,0.8893232140707226,0.9
What is Dick Rude's occupation?,Construction worker,False,0.12949241798670844,0.663721720651232,0.8
What is Robert D. Cardona's occupation?,Not provided in the given information,False,0.17650345708747872,0.7144303327655712,0.0
What is Michael Lynton's occupation?,CEO of Sony Pictures,False,0.6450129740737618,0.7933371995652303,0.8
What is Harding of Bristol's occupation?,Judge,False,0.2910108321145575,0.7525631607823159,0.7
What is Brent Huff's occupation?,Pilot,False,0.10665625784543566,0.6227054800997313,0.7
What is Gina Krog's occupation?,Cannot determine confidence as the question does not provide information about Gina Krog's occupation,False,0.17318624729924767,0.7685214341051584,0.0
What is Arkady Chernetsky's occupation?,Unable to determine occupation with given information,False,0.21680773327982134,0.7173540952452101,0.0
What is Shirley Palmer's occupation?,Social worker,False,0.17211916635519056,0.7234446776941345,0.8
What is Paolo Pellizzari's occupation?,Biologist,False,0.21014495117326965,0.7465134681181611,0.8
What is G. Karunakara Reddy's occupation?,Professor,False,0.37699434895427225,0.7898205481994344,0.7
What is Petr Mlsna's occupation?,Software developer,False,0.3933078073698924,0.7946905839623225,0.7
What is Neville Ashenheim's occupation?,Librarian,False,0.48247301949108357,0.825796792050249,0.8
What is Billy Joel's occupation?,Piano player,False,0.6600884737711792,0.880744670265138,0.9
What is Nina Varlamova's occupation?,Singer,False,0.26190875181339995,0.7380996618388628,0.8
What is Ruth Harriet Louise's occupation?,Actress,False,0.7923375404238202,0.8893476014990055,0.8
What is Lorena Corona Valdés's occupation?,Actress,False,0.8125304004233316,0.8505214840463048,0.8
What is Darrell Hammond's occupation?,Radio host,False,0.661540990414649,0.7656212765259761,0.8
What is Bedřich Smetana's occupation?,Composer,True,0.9603453293219493,0.8699366890697174,0.9
"What is Sir Thomas Clarges, 3rd Baronet's occupation?",Not enough information to determine his occupation with certainty,False,0.16722575645774745,0.7101272310018045,0.5
What is Donald Robert Macgregor's occupation?,Golf player,False,0.45017153573464214,0.816666983164121,0.8
What is Jari Porttila's occupation?,Cannot determine due to lack of information,False,0.22741988199565447,0.8030847305545593,0.0
What is David J. Brown's occupation?,Cannot determine due to lack of information,False,0.13055089274294368,0.7876462738704776,0.5
What is Claudio Naranjo's occupation?,"Psychologist, therapist, and educator",False,0.44317821971364657,0.7321105458711022,0.85
What is Eric Flynn's occupation?,"His occupation is not specified with certainty, but he is a businessman and entrepreneur",False,0.16335647432349645,0.5761004088325109,0.8
What is Honor Harger's occupation?,Nurse,False,0.24370589897517672,0.7591464011627255,0.8
What is Clement Baker's occupation?,Fireman,False,0.18959941077838205,0.687535237567409,0.7
What is Alleppey Vincent's occupation?,Captain of the ship,False,0.287283814604346,0.6857767014966608,0.6
What is Mike Flanagan's occupation?,Writer and director,False,0.18697631840216314,0.7403476527511144,0.7
In what city was Belarmino Mario Chipongue born?,"I'm sorry, but I don't have information about Belarmino Mario Chipongue's birthplace",False,0.2995431173840258,0.8666898421452788,0.0
In what city was Antoine Richard born?,"Paris,",False,0.5648885529789918,0.7776054920338413,0.9
In what city was Sigrid D. Peyerimhoff born?,Munich,False,0.670435719394548,0.7650545520192076,0.9
In what city was Charles Hammock born?,"Savannah, Georgia",False,0.33020604999651654,0.7485220296961418,0.8
In what city was Izhar Elias born?,Jerusalem%,False,0.7092843561012677,0.8912468592538553,0.9
In what city was Karim Abdel Aziz born?,"Cairo,",False,0.7802142462011521,0.844307487402631,0.9
In what city was Petru Stoianov born?,"Bucharest,",False,0.9187371731803293,0.8282781794676162,0.9
In what city was Rafael Reyes born?,"Caracas, Venezuela",False,0.8955935863411618,0.8247384450773185,0.9
In what city was Raju Kaji Shakya born?,"Kathmandu,",False,0.4511539712602324,0.7853750000983645,0.9
In what city was Lance Hooper born?,,False,0.12388464643437251,0.5713306700387997,0.8
In what city was Jerrold Katz born?,New York City,False,0.8530623345017584,0.8141978413479172,0.9
In what city was Roger McCardell born?,"Philadelphia,",False,0.1554082953353456,0.6768983696160257,0.9
In what city was Alastair Heathcote born?,,False,0.36858960622838216,0.49061649416003694,0.8
In what city was Antonio Calcagni born?,"Naples, Italy",False,0.5815663828073426,0.8123924533352083,0.9
In what city was William Marshall Craig born?,"Kingston, Ontario,",False,0.078320095960319,0.6661754838481558,0.9
In what city was Philipp Crone born?,"Hamburg,",False,0.10382442916780171,0.6306727894747387,1.0
In what city was I.P. Paul born?,New York City,False,0.6527157329234918,0.8354669793473871,0.9
In what city was Danie Mellor born?,"Melbourne, Australia",False,0.21395408213845948,0.722326913321268,0.9
In what city was Constantine of Kostenets born?,"Sofia, Bulgaria",False,0.9719662073853049,0.8456021476186547,0.9
In what city was Endre Bálint born?,Budapest,True,0.9691109666744988,0.8104968822490475,0.9
In what city was Aleksandr Nekrasov born?,Moscow,True,0.8389085503464243,0.815611702734869,0.9
In what city was Charles Joseph Bonaparte born?,"Naples, Italy",False,0.3448909376231708,0.7913847349866623,0.9
In what city was Shahrzad Sepanlou born?,"Tehran,",False,0.9427716736719531,0.8465808438044475,0.9
In what city was Louis François Antoine Arbogast born?,"Dijon, France",False,0.4227153960303392,0.8062184991384079,0.95
In what city was Maria Wetterstrand born?,"Copenhagen, Denmark",False,0.8577545935480569,0.8267455577126662,0.9
In what city was Austin Cuvillier born?,"Austin Cuvillier was not born in any city, as he is a fictional character from the TV show ""Brody"" and does not have a real birthplace",False,0.49624013023932373,0.7701146836869854,0.95
In what city was Eduard Bargheer born?,"Kharkiv,",False,0.23650979249519732,0.7815731929540487,0.9
In what city was Neophyte of Bulgaria born?,Sofia,True,0.9934297203736018,0.8142892345015136,0.8
In what city was Andrian Mardiansyah born?,Jakarta,False,0.786972288125702,0.7704917391431437,0.9
In what city was Bert Myers born?,"Pittsburgh, PA",False,0.32573823306674965,0.762097385178811,0.8
In what city was Scott Fraser born?,"Scottsdale, AZ",False,0.29676005799489996,0.7695928767571764,0.9
In what city was Dakota Collins born?,"Minneapolis, MN",False,0.24877666617514374,0.785484389223408,0.8
In what city was Giuseppe Castelli born?,Milan,True,0.44503140493164967,0.7703905208843222,0.9
In what city was Johann Christian Brand born?,"Hanover, Germany",False,0.17279739465493607,0.7567914584603893,0.9
In what city was Jacob Duck born?,"New York City,",False,0.32345975206012045,0.7539973356816456,0.8
In what city was Darley Waddilove born?,"Darley Waddilove was born in Manchester, England",False,0.4283321968541581,0.8031644907736403,0.9
In what city was Harold Reetz born?,"New York City,",False,0.5044667265902962,0.7654626755638667,0.8
In what city was Parnelli Jones born?,"Ponce, Puerto Rico",False,0.49098392822233555,0.8227536059382714,1.0
In what city was Fernand Cornez born?,Bordeaux,False,0.15209916341592375,0.6031990915345821,0.9
In what city was Volodymyr O. Kravets born?,"Kharkiv,",False,0.4291532550578782,0.7734764098337926,0.9
In what city was Jack Culcay-Keth born?,"Honolulu, HI",False,0.37650579510728716,0.7799135621900659,0.9
In what city was Yinka Ayenuwa born?,"I'm sorry, but I don't have information about Yinka Ayenuwa's birthplace",False,0.4509769027328968,0.8701360778915904,0.0
In what city was Chris Brown born?,"Richmond, Virginia,",False,0.37656614512134606,0.722278568677272,0.9
In what city was Phil Williams born?,"Manchester, England",False,0.08967532944926573,0.6305270219304686,0.9
In what city was Samantha James born?,"New York City,",False,0.6264809307469859,0.7951235036257636,0.8
In what city was James M. Bingham born?,"Pittsburgh, PA",False,0.5621331444607744,0.8001283580317115,0.8
In what city was Jack Kachkar born?,New York City,False,0.22577948363125583,0.7025670061004096,0.9
In what city was Gustavo Grondona born?,"Buenos Aires, Argentina",False,0.9584990149740732,0.9207267792042151,0.9
In what city was Bob Geddins born?,New York City,False,0.25963569233582595,0.688223299344806,0.8
In what city was Ferenc Paragi born?,Budapest,True,0.9719097019446964,0.9001579690543424,0.9
In what city was Bastien Lecouffe-Deharme born?,"Paris, France",False,0.6328181052810659,0.7976711563935268,0.95
In what city was Brent Maddock born?,"Burlington, Vermont",False,0.4692579019483561,0.7970770109140272,1.0
In what city was Betty Francisco born?,"New York City,",False,0.884906830189537,0.814698834458075,0.8
In what city was Hans-Jörg Voigt born?,"Hanover, Germany",False,0.22703353258639516,0.8169463103317206,0.9
In what city was Charlie Davis born?,,False,0.2897786842871831,0.6583038795220039,0.0
In what city was V. S. Srinivasa Sastri born?,,False,0.6689631945034206,0.7323711498665527,0.9
In what city was Yuriy Vernydub born?,"Kharkiv,",False,0.27286322583495487,0.7692095811875834,0.9
In what city was Markus Ragger born?,,False,0.16169201481648574,0.6098666205189474,0.8
In what city was Marnus Labuschagne born?,"Perth, Australia",False,0.5545363858231641,0.82673412892419,0.95
In what city was Leslie Douglas Jackson born?,"New York City,",False,0.5334057303479087,0.8421436145261282,0.9
In what city was Ricardo Maliandi born?,"Accra, Ghana",False,0.24720449319403265,0.7877972527635806,0.9
In what city was Alfred Jefferis Turner born?,"Manchester, England",False,0.3322474337816801,0.7435558943837695,0.9
In what city was Ernest Willows born?,"I'm sorry, but I don't have information about a person named Ernest Willows to provide a city of birth",False,0.1992647070632481,0.8451454257430243,0.0
In what city was Afonso II of Portugal born?,Lisbon,False,0.9515161517892632,0.8475805805373388,0.8
In what city was Derek Lamb born?,"Boston, MA",False,0.10678238308814092,0.6686193149384763,0.8
In what city was Andranik Migranyan born?,"Yerevan,",False,0.42937511246583826,0.8180862202953372,0.9
In what city was Runa Akiyama born?,"Tokyo,",False,0.8620869490730796,0.8668154594628382,0.95
In what city was Annika Billstam born?,Stockholm,False,0.5379156423398374,0.7748730747421534,0.9
In what city was Suad Nasr born?,"Beirut, Lebanon",False,0.7401371065686914,0.8494859178736887,0.9
In what city was Jason Bourque born?,"Boston, MA",False,0.2366979787880579,0.7282802079379399,0.8
In what city was Kurt Baschwitz born?,"Berlin, Germany",False,0.16845398648241636,0.6658585162839282,0.9
In what city was Camillo Benso di Cavour born?,Turin,True,0.8203670423962208,0.8204596316861065,0.98
In what city was Beniamino Di Giacomo born?,"Rome, Italy",False,0.5396915790562168,0.8525026850471745,0.9
In what city was Tim Alexander born?,"Timbuktu, Mali",False,0.2595252517608503,0.7130890812436096,0.3
In what city was Léopold Robert born?,"Paris, France",False,0.6690529553537551,0.8356643037032397,0.95
In what city was Eric Defoort born?,,False,0.2289713195372161,0.6990851291349072,0.8
In what city was Reinaldo Dalcin born?,"Curitiba, Brazil",False,0.4321143034030694,0.8153251924491758,0.95
In what city was Wang Yaping born?,"Taiyuan, Shanxi, China",False,0.6494598962573358,0.8397782596636684,0.9
In what city was Bob Cremins born?,"Akron, Ohio",False,0.14438322105786172,0.6090850049023471,0.8
In what city was Léon-Lévy Brunswick born?,Paris,True,0.7055588430446733,0.7821485532543326,0.9
In what city was David Oppenheim born?,"Pittsburgh, PA",False,0.46801067611015224,0.7674782853043634,0.8
In what city was Juan Luis Guerra born?,"Santo Domingo,",False,0.9028296501936253,0.744711808964362,1.0
In what city was Luis Reece born?,"New York City,",False,0.7744973378394534,0.7635107090800928,0.8
In what city was Jaswant Singh of Marwar born?,"Jodhpur,",True,0.9219086144546683,0.8033543123047413,0.9
In what city was Eduardo Gudiño Kieffer born?,"Caracas, Venezuela",False,0.4745538294480423,0.8708109494798897,0.9
In what city was Greg Windsperger born?,"Des Moines, Iowa,",False,0.35477289970036635,0.7858738784163166,0.9
In what city was Nelson Vargas born?,"San Juan, Puerto Rico,",False,0.40976761821368335,0.7848598186551703,0.9
In what city was Matt Moralee born?,New York City,False,0.48058398612442704,0.7302359015758363,0.8
In what city was Petar Stambolić born?,"Belgrade,",False,0.9246547787889235,0.8427446616595868,0.9
In what city was Josephus Nicolaus Laurenti born?,Rome,False,0.21574990747232892,0.6989836600478041,0.8
In what city was Mike Gregory born?,"New York City,",False,0.23852109714962566,0.7170157604934952,0.8
In what city was Jorge Betancourt born?,"New York City,",False,0.7318959274449788,0.8440992216622039,0.95
In what city was Neil Robinson born?,"Bristol,",False,0.10347564299759827,0.6050656078140556,0.8
In what city was Paul Humphries born?,,False,0.10233079837970602,0.41537559879838065,0.8
In what city was Barbara Engel born?,"New York City,",False,0.7035726932772829,0.8066424457785496,0.9
In what city was Quorey Payne born?,"Atlanta, Georgia,",False,0.2216358961890258,0.7047168738325632,0.9
In what city was Lloyd Ultan born?,"Philadelphia,",False,0.21792552791833095,0.6879845608578677,0.9
In what city was Joseph Bova born?,"Philadelphia,",False,0.46490054169200434,0.7941859265988944,0.9
In what city was Oi Va Voi born?,"Melbourne, Australia",False,0.38550977972454814,0.7282215825993166,0.9
In what city was Elena Romagnolo born?,"Rome, Italy",False,0.5236792408309429,0.8437516963417071,0.9
"In what city was Dominique, comte de Cassini born?","Paris, France",False,0.9498952041451871,0.8553985144297442,0.9
In what city was Joris Delle born?,Amsterdam,False,0.33726842445333954,0.699677318240397,0.8
In what city was Stone born?,"New York City,",False,0.456766542657378,0.820289273529228,0.9
In what city was Ivan Khomukha born?,"Bishkek,",False,0.9025152899611981,0.833669128005935,0.9
"In what city was Margaret, Countess of Pembroke born?",,False,0.7649104659326037,0.6196056716506231,0.8
In what city was Ferdinand Elle born?,"Vienna,",False,0.9605438116785956,0.8642866774665657,0.9
In what city was Maarten van Severen born?,"Utrecht,",False,0.538458762649674,0.7696324383067856,0.9
In what city was Refet Bele born?,"Istanbul,",False,0.7854025933384031,0.824268660463512,0.9
In what city was Zijah Sokolović born?,"Belgrade, Serbia",False,0.9677882805567344,0.8557480647086014,0.9
In what city was Rahi Masoom Raza born?,"Lucknow, India",False,0.2729029452075651,0.8205138588708126,0.95
In what city was Bob Warlick born?,"Columbia, Missouri",False,0.351227026679988,0.6926326786147684,0.8
In what city was Dick Leonard born?,"New York City,",False,0.477230408079602,0.7811705863318417,0.9
In what city was Lucia de Berk born?,"Utrecht,",False,0.37060589545346123,0.755652626879276,0.9
In what city was Clarence Beck born?,"New York City,",False,0.22636939564065958,0.7636577402250585,0.9
In what city was Aloïs Boudry born?,"Brussels, Belgium",False,0.2904542591379307,0.7086415027455684,0.9
In what city was Tony Shields born?,"Philadelphia,",False,0.2231208506268889,0.7016360674289656,0.9
In what city was Hendrik Gerritsz Pot born?,Amsterdam,False,0.7016116429642344,0.8040721897988642,0.9
In what city was Amoene van Haersolte born?,"Utrecht,",False,0.29109660138433363,0.750715732374925,0.9
In what city was Jim Baker born?,"New York City,",False,0.2891131934972716,0.7433318697413311,0.8
In what city was Pete Larson born?,"Santa Monica, CA",False,0.10897420799076438,0.6692656302556533,0.8
In what city was Valdemar III of Denmark born?,Copenhagen,False,0.459251141802538,0.7796351190047455,0.9
In what city was Pete Stewart born?,"Glasgow, Scotland",False,0.22705919118801773,0.7407224413152782,0.9
In what city was Dave Alston born?,"Portland, OR",False,0.8042702063397533,0.8550560020657281,0.8
In what city was Piotr Balcerzak born?,Warsaw,True,0.7864920463169676,0.8225175640394404,0.9
In what city was Mariano Chao born?,,False,0.11084386997234325,0.6399766280921799,0.8
In what city was Koudai Tsukakoshi born?,Tokyo,False,0.7549390857374949,0.7708753730784323,0.9
In what city was John Edgerton born?,"New York City,",False,0.2383767533436656,0.7129610146537191,0.8
In what city was Jerry Best born?,"New York City,",False,0.5909080521029064,0.8140906672785526,0.9
In what city was Jim born?,"New York City,",False,0.32255652747298613,0.7324088789064613,0.8
In what city was Barbu Ștefănescu Delavrancea born?,Bucharest,True,0.9140111813709135,0.8705202897682667,1.0
In what city was Michael Woolston Ash born?,"Kingston, Jamaica",False,0.32486237520919914,0.7453931735926533,0.9
In what city was Gustavo A. Madero born?,"Mexico City,",False,0.6995030679734561,0.7836592631253875,0.8
In what city was James Brown born?,"Atlanta, Georgia",False,0.24637794452080805,0.7982052313897422,1.0
In what city was Andrea di Alessandro born?,"Florence, Italy",False,0.5738814927212799,0.8297496659968377,0.9
In what city was Alison Cockburn born?,"Edinburgh,",False,0.9477759016100109,0.8068864362479504,0.8
In what city was Karl Wilhelm Rosenmund born?,Munich,False,0.31686563837774995,0.7224725091209958,1.0
In what city was Francisco Maldonado born?,"Santiago, Chile",False,0.30541339127388534,0.7040171381273769,0.9
In what city was Gilbert Bodart born?,"Zurich, Switzerland",False,0.39157129281449926,0.756097394542758,0.9
In what city was Roy A. Roberts born?,"Portland, OR",False,0.11238783255256433,0.6705706412403779,0.9
In what city was Edu Nandlal born?,"New Delhi, India",False,0.3167975026213791,0.7870869289022909,0.9
In what city was Gregorio Selser born?,"Buenos Aires, Argentina",False,0.7617675669707167,0.8702737658851397,0.9
In what city was Donald De Lue born?,"New York City,",False,0.6367720881901288,0.8136297526213967,0.9
In what city was Ramón Luis Valcárcel Siso born?,"San Juan, Puerto Rico",False,0.560718238166676,0.8383997811062753,1.0
In what city was Anne Brusletto born?,"Baltimore, Maryland, USA",False,0.3184544639590213,0.7104450096250104,0.9
In what city was Tameem Al-Kubati born?,"Beirut, Lebanon",False,0.2930816670172185,0.7797421437545358,0.9
In what city was August Brand born?,Stockholm,False,0.22589312048386256,0.6706611429424153,0.8
In what city was Ilya Nikiforov born?,Moscow,False,0.7591644449839852,0.7736120571827212,0.9
In what city was Arthur Thomson born?,"Edinburgh, Scotland",False,0.484501637174713,0.7807460649741653,0.95
In what city was Miloš Žeravica born?,"Belgrade,",False,0.8159233926003677,0.8798308580698909,0.9
In what city was Mohammad Esfahani born?,"Mashhad, Iran",False,0.6162010430175756,0.8056598528377796,0.9
In what city was Brandon Bays born?,"Las Vegas, NV",False,0.4616361803245346,0.8296097739552082,0.8
In what city was Aina Kusuda born?,"Tokyo,",False,0.9096751192144945,0.7969848481298769,0.9
In what city was Batman born?,Gotham City,True,0.9785277250657187,0.881540663154122,1.0
In what city was Lisa Miller born?,"New York City,",False,0.9915381666346632,0.8484425415670923,0.8
In what city was Giovanni Speranza born?,Rome,False,0.35121923903480196,0.72392798218058,0.8
In what city was William Collins born?,"New York City,",False,0.4602691117954737,0.8324005764072417,0.9
In what city was Veselin Vujović born?,"Belgrade,",False,0.9911348818702673,0.884068719684754,0.9
In what city was Vitaly Arkhangelsky born?,"Moscow,",False,0.9369964574651691,0.7967632248791735,0.9
In what city was Anton Lui born?,"Toronto,",False,0.4477345637782518,0.7379041017003062,1.0
In what city was Paul Walker born?,"Honolulu, Honolulu,",False,0.34503178252161343,0.7277023633808792,1.0
In what city was Doug McCombs born?,"Austin, Texas",False,0.4957528319092587,0.6921937895863525,0.9
In what city was Ed Sullivan born?,"New York City,",False,0.9449156518207079,0.8960932492588196,0.9
In what city was Margaret Coit born?,New York City,False,0.8410693386965112,0.8241889947399067,0.9
In what city was Serhiy Zayets born?,Lviv,False,0.25413722176118847,0.7533557291589505,0.9
In what city was Belly born?,"New York City,",False,0.7351081275403825,0.8158953573945148,0.9
In what city was William Anderson born?,"Glasgow, Scotland",False,0.2161885855851209,0.7474017040246638,0.9
In what city was Thomas D. Schall born?,New York City,False,0.1335208875141896,0.6474606589430162,0.9
In what city was Johann Heinrich Roos born?,"Hamburg,",False,0.7580859605284257,0.7810670080954577,0.9
In what city was Kristian Outinen born?,"Tampere, Finland",False,0.6127851047320622,0.8293587198025706,0.9
In what city was Matthijs Dulken born?,"Utrecht,",False,0.3576379901191513,0.7800418941578876,0.9
In what city was Fahd Ananta born?,"Dhahran, Saudi Arabia,",False,0.4353081794317272,0.7348004931280402,1.0
In what city was Dee born?,"New York City,",False,0.710440866537487,0.8066563381599707,0.8
In what city was Antigoni Goni born?,Athens,True,0.832400019957192,0.8080460263118668,0.9
In what city was Sebastian Hofmann born?,"Hannover, Germany",False,0.22286985285838423,0.7781090768777024,0.9
In what city was Emil Marschalk von Ostheim born?,"Hannover, Germany",False,0.21113509663344715,0.7499778966987295,0.9
In what city was Şeref Has born?,"Izmir, Turkey",False,0.3805907615926467,0.7078904182317963,0.9
In what city was Kalevi Kull born?,"Helsinki,",False,0.2729626164567226,0.7202439694495312,0.9
In what city was Esau Tjiuoro born?,,False,0.2994316924396312,0.6057376865213685,0.8
In what city was Gerard Thomas born?,"Columbus, Ohio",False,0.3574075862039952,0.7284934250122184,0.95
In what city was Ricardo Sánchez born?,"San Pedro Sula, Honduras",False,0.2776603451486242,0.6670934821468271,0.9
In what city was Leena Peisa born?,"Helsinki, Finland",False,0.7927747941194391,0.8234877921850354,0.98
In what city was Robert Kraft born?,"Boston,",False,0.7125786534477108,0.8148973765547394,0.8
In what city was Germaine Aussey born?,"Paris, France",False,0.33545594178489624,0.7860768984380115,0.95
In what city was Bruno Nöckler born?,Munich,False,0.587362831328168,0.7755646092627226,1.0
In what city was Gloria Porras Valles born?,"Mexico City,",False,0.18398307566241368,0.7002225291474476,0.8
In what city was Harvey born?,Harvey was not born in a city mentioned in the options,False,0.5445157780937108,0.8149680653307585,0.0
In what city was Glover Morrill Allen born?,"Portland, Maine",False,0.3305524346613039,0.673397149786846,0.9
In what city was Annie Oakley born?,"Darlington, South Carolina",False,0.2753972910237312,0.7244707076300405,0.95
In what city was Gabriella Di Laccio born?,"Rome, Italy",False,0.5585563082110647,0.8464011422478808,0.9
In what city was Moses the Black born?,New York City,False,0.5689005382172133,0.8134042939635676,0.8
In what city was Robert Creamer born?,"New York City,",False,0.2636471267356967,0.7568234160731405,0.9
In what city was Claudio Costamagna born?,Milan,True,0.9156066778228551,0.7873567493441751,0.9
In what city was Andries Bonger born?,"Amsterdam,",False,0.5127827534408833,0.7487222114166467,0.9
In what city was Lois Bancroft Long born?,New York City,False,0.6841442525811219,0.8331290837259698,0.9
In what city was Edward Drinker Cope born?,"Philadelphia,",False,0.4247257471056889,0.8308536290143663,0.9
In what city was Klaus-Degenhard Schmidt born?,Munich,False,0.21856379740151682,0.7050475094785382,0.8
In what city was Robert B. Scarborough born?,"Savannah, Georgia",False,0.21263489908842262,0.7228189034156345,0.8
In what city was Manon born?,"Paris,",False,0.8681747326769448,0.8467126155422121,0.9
In what city was Liz born?,New York City,False,0.8509425516585942,0.7870351065290719,0.8
In what city was Joseph born?,"Bethlehem,",False,0.26018981023994475,0.5645779103233777,0.9
In what city was Dilson Torres born?,"Havana, Cuba",False,0.15054867023428695,0.7282692083032937,0.9
In what city was Ray Strauss born?,"New York City,",False,0.81349212253586,0.8433999843714395,0.9
In what city was Charles Hyder born?,"New York City,",False,0.5224441370901496,0.7672161158566747,0.9
In what city was Mark Holzemer born?,"New York City,",False,0.29859922982260995,0.7243663637319514,0.9
In what city was Doug Gwosdz born?,"Toronto,",False,0.14542420901749697,0.6645987978681808,0.9
In what city was Hieronymous Francken I born?,Amsterdam,False,0.6828510140367274,0.8108277780403047,0.8
In what city was Robert Zawada born?,"Pittsburgh, PA",False,0.749161240531169,0.8257264504519977,0.8
In what city was Vera Dua born?,"New York City,",False,0.5054136010800352,0.7662456139813324,0.9
In what city was John A. Shaud born?,"Portland, OR",False,0.3852831437092686,0.7800819689369797,0.8
In what city was Gianni Lonzi born?,"Rome, Italy",False,0.5968326835956528,0.8387850471639061,0.98
In what city was Maksim Andreyevich Fyodorov born?,Rostov-on-Don,False,0.7449979736873948,0.8318804544078481,0.9
In what city was Paris born?,"Paris is not a city, so it was not ""born"" in a city",False,0.9901669023244538,0.7870720407212798,0.9
In what city was Bruce Collie born?,"Salt Lake City, Utah,",False,0.17882227754945973,0.72160404928703,0.8
In what city was Joseph Urban born?,"Cleveland, Ohio,",False,0.594551035211469,0.8050633649163047,0.95
In what city was Peter Philpott born?,"Peter Philpott was born in London,",False,0.25303839239916015,0.7724848592347071,0.9
In what city was Martyn Liadov born?,"St Petersburg,",False,0.7535359850198791,0.7538181217653416,0.9
In what city was Scott McCuaig born?,"Calgary, Canada",False,0.2604636796724361,0.737472502720446,0.9
In what city was K. M. Beenamol born?,Madras,False,0.2067049007084039,0.7049098032013932,0.8
In what city was Paul Singer born?,"New York City,",False,0.9324656114011791,0.8415883353821609,0.9
In what city was Nikolai Kinski born?,"Moscow, Russia",False,0.29373111536995233,0.6974308055645524,0.9
In what city was Athīr al-Dīn al-Abharī born?,,False,0.6091595327888044,0.6514240507214839,0.8
In what city was Otto Renner born?,"Zurich,",False,0.4653164642386875,0.6805418460105259,0.8
In what city was Louis-Arsène Lavallée born?,"Quebec City,",False,0.9204539034050278,0.8503174266816137,0.9
In what city was Róbert Fazekas born?,Budapest,False,0.9807238579847383,0.8845078725495651,0.9
In what city was Clemente Isnard born?,Rome,False,0.6615499807245256,0.7714705376706485,0.9
In what city was Dale Polley born?,"London, Ontario, Canada",False,0.10917968110001136,0.7314012046931676,0.95
In what city was Gerd Arntz born?,"Düsseldorf, Germany",False,0.39183030649788053,0.7966837414207447,0.95
In what city was Robert Crannell Minor born?,"New York City,",False,0.41662186892846553,0.7611053928750393,0.9
In what city was Walter Gay born?,"New York City,",False,0.7929127259860144,0.8288248872698248,0.9
In what city was Izumi Iimura born?,"Osaka,",False,0.7087287205602534,0.8314679276811872,0.9
In what city was Pierre Charette born?,"Montreal,",False,0.7070295295600191,0.7877532005202976,0.8
In what city was Jean Arp born?,"Zurich, Switzerland",False,0.4356924073587378,0.8021523834814926,0.95
In what city was Edgar Manas born?,"Tashkent,",False,0.2114170546550633,0.6958473687358583,0.95
In what city was Reinhard Jirgl born?,"Magdeburg,",False,0.11846310975164613,0.6624986800366413,0.9
In what city was Paul Brill born?,"New York City,",False,0.4368074729332695,0.7832833397135922,0.9
In what city was Simon Callery born?,"New York City,",False,0.9723053579223124,0.8509637885211027,0.95
In what city was Aleksandar Madžar born?,"Zagreb,",False,0.4757767185660454,0.8223724003036372,0.8
In what city was Roland Wieser born?,"Vienna,",False,0.45334126245571715,0.7884757966682292,0.9
In what city was Tony Clark born?,"Atlanta, Georgia,",False,0.16213009619839444,0.6703615134574923,0.9
In what city was Víctor Rabú born?,"Barcelona,",False,0.3601048500813947,0.753513802544019,0.9
In what city was Frederick George Bromberg born?,New York City,True,0.7644212811631591,0.8154443192830005,0.9
In what city was Doc Parker born?,,False,0.08185511229939575,0.43101287008981054,0.8
In what city was Giovanni Stefano Marucelli born?,"Naples, Italy",False,0.4443986015225092,0.7396587432751192,0.9
In what city was Willem van Herp born?,Amsterdam,False,0.4235912010443037,0.7231012426963344,0.9
In what city was Matt Hamilton born?,"New York City,",False,0.44178546409701036,0.7570874409910368,0.9
In what city was William Perry Hay born?,"Boston, Massachusetts,",False,0.21735611754513406,0.6895480511637978,0.9
In what city was Kirk O'Bee born?,"Seattle,",False,0.1474744220952197,0.6815862719856518,0.8
In what city was Offer Nissim born?,"Tel Aviv,",False,0.9084526306230579,0.824569449986901,0.9
In what city was Jadranka Šešelj born?,"Belgrade,",False,0.9650346651303823,0.8455326775941946,0.9
In what city was Joachim Olsen born?,"Aarhus, Denmark",False,0.26543545088625875,0.7787213047630411,0.9
In what city was Shawn Respert born?,"Portland, OR",False,0.36640520309022584,0.7813426928226896,0.8
In what city was John Robinson born?,"New York City,",False,0.26819492489382996,0.7380679134686108,0.9
In what city was Monster born?,"Philadelphia,",False,0.357816158378452,0.8010562974171398,0.9
In what city was Anders Orvin born?,Stockholm,False,0.47060518696904735,0.7596136028643761,0.8
In what city was Nelson Faria born?,"Rio de Janeiro,",False,0.5018884638731268,0.8122165964926357,0.9
In what city was Willem van Nieulandt II born?,Amsterdam,False,0.7737282413474041,0.8030994836720542,0.9
In what city was Hermann Vezin born?,"Paris,",False,0.2771302637123604,0.7164655378624393,0.9
In what city was János Ferencsik born?,Budapest,True,0.49840229166762445,0.8240576306104475,0.9
In what city was Florence Marie Harsant born?,"Paris,",False,0.6471104025786668,0.8200851786900208,0.9
In what city was Diana Estrada born?,"Tijuana, Mexico",False,0.44350364577608803,0.7803714698369472,0.9
In what city was Khalid bin Barghash of Zanzibar born?,,False,0.2896868455201996,0.6366722426159493,0.9
In what city was Terry Hunte born?,"Kingston, Jamaica",False,0.5334093548145576,0.8205854810126578,0.8
In what city was Steve McDonald born?,"New York City,",False,0.1778957220335523,0.7269077187531106,0.9
In what city was Izaskun Zubizarreta Gerendiain born?,Bilbao,False,0.8820707145676671,0.8635518595485985,0.9
In what city was Harry W. Kvebæk born?,"Minneapolis, MN",False,0.35971510461769585,0.7756075453050144,0.9
In what city was Rose Bampton born?,New York City,False,0.4044397204853883,0.7934291303239351,0.9
In what city was Mélonin Noumonvi born?,Port Louis,False,0.9112001650310362,0.7618697877926929,0.8
In what city was John M. Wood born?,"Pittsburgh, PA",False,0.13931299110485726,0.6878800331084847,0.8
In what city was Geert Brusselers born?,Amsterdam,False,0.6735042386625093,0.7883299665990177,0.9
In what city was Maurice El Mediouni born?,"Casablanca,",False,0.6136720760265919,0.8608398568161061,0.9
In what city was Emily Hood Westacott born?,"Manchester,",False,0.21420269924486365,0.6984743321647826,0.9
In what city was Grant Bramwell born?,"Salt Lake City, UT,",False,0.10912575929757345,0.7259751589688748,0.8
In what city was Valentin Avrorin born?,Moscow,False,0.49123824771353813,0.7126611867452676,0.9
In what city was Giulio Bisegni born?,"Rome, Italy",False,0.4431010668120745,0.7822262616881318,0.9
In what city was Alfred Frank Hardiman born?,"New York City,",False,0.5060605273433124,0.8053930005860821,0.9
In what city was Baptiste Lecaplain born?,"Paris,",False,0.6909977276892095,0.805661937295281,0.9
In what city was Matthew J. Ryan born?,,False,0.16922106544485413,0.6232904394878994,0.8
In what city was Julius Erving born?,"Philadelphia,",False,0.7572840496192059,0.8363017748288489,1.0
In what city was Billy McGinty born?,"Glasgow,",False,0.8544399105920955,0.7986802968266897,0.9
In what city was Estevan Peléè born?,"Rio de Janeiro,",False,0.614675398804621,0.8329120989143151,0.9
In what city was James Keddy born?,"Halifax, Nova Scotia, Canada",False,0.26034326576673444,0.8061831384768559,0.95
In what city was Angela Leong born?,"Honolulu, HI",False,0.4346954200899011,0.7670367010298792,0.8
In what city was Erick Benzi born?,"São Paulo, Brazil",False,0.2582906539113598,0.7414525357484447,0.95
In what city was Ko Wen-je born?,Taipei,False,0.9438153511181554,0.7900483192038025,0.9
In what city was Sugar Ray Norcia born?,,False,0.26941461454860655,0.5900210118888303,0.8
In what city was Zsuzsanna Németh born?,Budapest,True,0.912562071615216,0.849959616384737,0.9
In what city was Joel Johnson born?,"Atlanta,",False,0.665687255942663,0.7441261648319083,0.9
In what city was Dick Arndt born?,"Hannover, Germany",False,0.22476328642364238,0.7940659431519315,0.9
In what city was Robley Dunglison Evans born?,"New York City,",False,0.5429478346064065,0.8413029296595892,0.9
In what city was Ingvild Bryn born?,Oslo,False,0.6854726050393117,0.7569574499250861,0.8
In what city was John Anderson born?,"Peterhead, Scotland",False,0.16781941140514786,0.708142367346366,0.8
In what city was Sevil Atasoy born?,"Istanbul, Turkey",False,0.9620407833986925,0.8241637356015235,0.95
In what city was Aleksandar Markovski born?,"Skopje,",False,0.9746130697448158,0.8537038728961318,0.9
In what city was Tsugumi Higasayama born?,"Tokyo,",False,0.9633702638620326,0.7752064875600059,0.95
In what city was Bobby Ray Baldock born?,"Salt Lake City, UT",False,0.45127176865636726,0.7900158985270912,0.8
In what city was Hansi Niese born?,"Berlin, Germany",False,0.3925170046089132,0.7488813038249382,0.9
In what city was Raimonds Vilde born?,Riga,True,0.9768794180470864,0.8474249469313384,0.9
In what city was Mick Flynn born?,"New York City,",False,0.2786975698409785,0.6799427191435312,0.8
In what city was Wayne Cooper born?,"Kingston, Jamaica",False,0.6534115673638137,0.8417251442312768,0.8
In what city was Nay Myo Thant born?,Yangon,False,0.48631359378509825,0.6979861351091944,0.8
In what city was Babyface born?,"Atlanta, Georgia,",False,0.6120949915520791,0.8135545991347035,0.9
In what city was Zara Turner born?,,False,0.43788877217161787,0.5210335166540095,0.8
In what city was Doris Bell Collier born?,New York City,False,0.4647568863404257,0.7784777613936977,0.9
In what city was Aarno Maliniemi born?,"Tampere, Finland",False,0.40968807679303715,0.8288358970699229,0.9
In what city was Charles Plumer born?,New York City,False,0.4435652697558585,0.7626987257565636,0.8
In what city was Maarten Biesheuvel born?,Rotterdam,False,0.2900806897422079,0.7128423341080017,0.8
In what city was David Ogrin born?,"Pittsburgh, PA",False,0.23351520968031442,0.6920525084865192,0.8
In what city was Kevin Morton born?,,False,0.3934016138864065,0.7539740349591596,0.0
In what city was Moon Joo-won born?,"Seoul,",False,0.8720878938076156,0.8111794883731451,0.9
In what city was Joseph Patrick Addabbo born?,"Brooklyn, New York City, United States",False,0.2731664234387661,0.8142887587661476,1.0
In what city was Amir Syamsuddin born?,"Jakarta,",False,0.799190873922506,0.7722170080702975,0.8
In what city was Leobardo Soto born?,"San José del Cabo, Mexico",False,0.4675073753767016,0.5601088725766428,0.8
In what city was Hailey McCann born?,,False,0.1337371825945927,0.695127342625254,0.8
In what city was Helene Liebmann born?,"Vienna,",False,0.8844507930289062,0.8630557602324841,0.9
In what city was Tuomo Suomalainen born?,Helsinki,False,0.5368495075806103,0.7219325322018683,0.9
In what city was Donnchad mac Briain born?,,False,0.33819821021807833,0.6920340607080905,0.8
In what city was William Jack born?,"Glasgow, Scotland",False,0.6583340257302301,0.7789960673953658,0.9
In what city was Oleg Govorun born?,Moscow,False,0.35436467643175334,0.6829862342255144,0.9
In what city was Masaru Inada born?,"Tokyo, Japan",False,0.8095797255012842,0.8579672001002234,0.95
In what city was Vladimir Korotkov born?,"St Petersburg,",False,0.2802567674536894,0.7168704560885079,0.9
In what city was Erasmo Carlos born?,"Rio de Janeiro,",False,0.5262003036767101,0.8047986824962133,0.9
In what city was Ryūzaburō Ōtomo born?,Osaka,False,0.5509830262100461,0.7321483970764358,0.9
In what city was Yaroslav Rybakov born?,"Moscow,",False,0.4608351797654239,0.7239219363451488,0.9
In what city was Pierre Petit born?,"Paris,",False,0.8970535389710744,0.865298810517527,0.95
In what city was Shrichand Kriplani born?,Bombay,False,0.605184732420324,0.7354353514583651,0.8
In what city was Cristina Laslo born?,New York City,False,0.46921399118058815,0.7861871124657763,0.9
In what city was Jürgen W. Falter born?,Berlin,False,0.520652425808242,0.7726463965316389,0.9
In what city was Billy Carlson born?,"Portland, OR",False,0.08759284423900995,0.6933848253996816,0.8
In what city was Herman Hertzberger born?,"Amsterdam,",False,0.9280577320787714,0.8398669056557867,0.9
In what city was Blair Bush born?,"New York City,",False,0.27598251425180653,0.7712273658680772,0.9
In what city was Stan Andrews born?,"New York City,",False,0.22381069870479284,0.7049179544465828,0.8
In what city was Alexandre-Marie Colin born?,"Paris,",False,0.5602757796562452,0.7679652778243145,0.95
In what city was Spartaco Schergat born?,Milan,False,0.6017307577746378,0.8205824223773215,0.9
In what city was Bogdan Andone born?,"Bucharest, Romania",False,0.9385010027046446,0.860649612693057,0.9
In what city was Trae tha Truth born?,"Atlanta, Georgia,",False,0.9527378664578093,0.861013484431388,1.0
In what city was Louis H. Pollak born?,"Philadelphia, PA",False,0.7157676752663625,0.7893373461022422,0.9
In what city was Italo Viglianesi born?,Naples,False,0.8270462123538015,0.8192802489505878,0.9
In what city was Nathaniel Boyden born?,"Boston, Massachusetts",False,0.38895707564768095,0.6989535645899334,0.95
In what city was John of Garland born?,,False,0.4361716743410293,0.5561066000322128,0.8
In what city was Abraham Raimbach born?,"Vienna,",False,0.10820688325714703,0.6391584623018299,0.9
In what city was H. Hugh Bancroft born?,New York City,False,0.2988924339199244,0.7390727994234909,0.9
In what city was Heinrich August Jäschke born?,Berlin,False,0.14586983402920758,0.5961391081329142,0.9
In what city was Nina Dittrich born?,"Berlin,",False,0.5546994269078408,0.7388542683086585,0.9
In what city was Erika M. Anderson born?,New York City,False,0.5808901338800474,0.7626622332065863,0.9
In what city was Georg Baumann born?,"Nuremberg,",False,0.7757045104420771,0.861625276201017,0.98
In what city was Clarrie Millar born?,"Adelaide, South Australia",False,0.6068219524330515,0.7069199341038218,0.9
In what city was Franklin Rosemont born?,"Chicago,",False,0.43812757583656287,0.7631686202863401,0.9
In what city was Roman Shukhevych born?,Kyiv,False,0.5951605976264123,0.7388444311094046,0.9
In what city was Julia Jones born?,"Portland, OR",False,0.15517866725033072,0.7303237093708421,0.8
In what city was Ge You born?,Beijing,True,0.8034910602671972,0.8743733276874281,0.8
In what city was Gary Freear born?,"Gary Freear was born in London,",False,0.057112968684923326,0.6960267882440653,0.9
In what city was Thomas Seaton Scott born?,"Portland, Oregon,",False,0.08517193786245542,0.6721741246826395,0.8
In what city was Alfredo Ramos Martínez born?,Mexico City,False,0.3327864859279659,0.739922454973574,0.9
In what city was Andrew Carnie born?,"Pittsburgh,",False,0.7891175173185312,0.786993558040816,0.8
In what city was Julee Cruise born?,"Los Angeles,",False,0.8922786707385412,0.9064157666864433,0.9
In what city was Jiang Mianheng born?,"Shanghai,",False,0.4896994180741205,0.766876801764651,0.9
In what city was Jaime de Angulo born?,"El Paso, Texas,",False,0.1609928583254387,0.7134264885980575,0.8
In what city was John XIX born?,,False,0.5187973402058023,0.5888413563777662,0.2
In what city was Irving Amen born?,"New York City,",False,0.9515867217738586,0.8581564583769075,0.9
In what city was Paweł Blehm born?,"Warsaw,",False,0.8036218274919895,0.7392864082410777,0.9
In what city was Keri Lees born?,,False,0.36567003942899234,0.5954293637164797,0.8
In what city was Christos Mitsis born?,"Athens, Greece",False,0.8243917249948043,0.8021862248434652,0.95
In what city was Karl-Hans Riehm born?,"Berlin, Germany",False,0.25160623701448187,0.7413312076135344,0.95
In what city was Robin Williams born?,"Honolulu, Honolulu,",False,0.8667951874890121,0.7604435904506582,1.0
In what city was Mike Shaver born?,"Washington, DC",False,0.16830819926704624,0.6733420883571691,0.8
In what city was John Keating born?,"Boston,",False,0.5620941451248729,0.7673010758437689,0.9
In what city was Dawson Turner born?,"Dawson Turner was born in London, England",False,0.2417150357818921,0.7702210138510166,0.9
In what city was Chance the Rapper born?,Chicago,True,0.4234191456078304,0.722444555818504,0.9
In what city was John O'Brien born?,"Boston,",False,0.5972062919104866,0.6925914711606125,0.8
In what city was Diotima of Mantinea born?,"Mantinea, Italy;",False,0.6962872730236257,0.855654847433472,0.9
In what city was Jurgis Karnavičius born?,Vilnius,True,0.9536544685767235,0.9057473503878782,0.9
In what city was David Holmes Black born?,"Melbourne, Australia",False,0.5314709595265218,0.7993682991134613,0.9
In what city was Ralph Campney born?,"New York City,",False,0.48528346089936,0.785559966375631,0.9
In what city was Leonard Shure born?,"New York City,",False,0.5408920756376197,0.8254959023531875,0.9
In what city was Roger Gaudry born?,"Montreal, Canada",False,0.21262072999764076,0.6911297189688106,0.9
In what city was Eduardo Hurtado born?,"Lima, Peru",False,0.8589737443501565,0.8667048970712955,0.9
In what city was Xue Fei born?,"Shanghai, China",False,0.5020062825116038,0.7264219770935167,0.98
In what city was Jun Murai born?,"Tokyo,",False,0.7872996277450625,0.8013911785019363,0.9
In what city was Indians born?,"New Delhi,",False,0.4644150350210035,0.6923190769305974,0.9
In what city was Din Joe Crowley born?,,False,0.2062901879265182,0.7790774641862205,0.8
In what city was Olatubosun Oladapo born?,,False,0.42670035986109145,0.6639524232180801,0.8
In what city was Narcisse-Fortunat Belleau born?,Quebec City,True,0.5952037714592026,0.8183394009107595,0.9
In what city was Joachim Zachris Duncker born?,"Copenhagen,",False,0.3549874707286672,0.7513852126710662,0.9
In what city was Paul Braniff born?,"New York City,",False,0.4520544221206553,0.7365301460638605,0.8
In what city was Aki Hata born?,"Tokyo,",False,0.8997669196190385,0.8605980211190835,0.9
In what city was Scott Patterson born?,"Columbus, Ohio",False,0.28243282838982914,0.6642343872349306,0.8
In what city was George Tintle born?,"Detroit, Michigan,",False,0.10909207169542409,0.6338952534906894,0.9
In what city was Jakob Kaiser born?,New York City,False,0.14469008923685095,0.6795817075530628,0.9
In what city was Emmanuel Biron born?,"Montreal,",False,0.501251472022354,0.7294782323372347,0.8
In what city was Henry C Bailey JR born?,"New York City,",False,0.4107821527765768,0.7620433448173325,0.9
In what city was Yugo Yoshida born?,"Osaka, Japan",False,0.40103047143607784,0.7640991042166069,0.9
In what city was Percy Scholes born?,"Manchester,",False,0.7157832474592334,0.8634085704221635,0.9
In what city was Nicholas French born?,"Boston, Massachusetts, USA",False,0.33270671662512535,0.6933411921180653,0.95
In what city was David Harris Willson born?,"New York City,",False,0.2731401455747359,0.7780773922006781,0.9
In what city was Steve Kerr born?,"Oakland, CA",False,0.5111227518444977,0.8096413561041225,0.8
In what city was Ed Parker Jr. born?,"Honolulu, Hawaii,",False,0.48932169132096504,0.7445095755937194,0.9
In what city was Montxu Miranda born?,"Bilbao, Spain",False,0.7799522263275432,0.8799304792891963,0.9
In what city was Isaac born?,Jerusalem,False,0.43819950090338927,0.7050009205655683,0.8
In what city was Cornelis Springer born?,"Amsterdam,",False,0.40214092694227244,0.6964478642922315,1.0
In what city was Gerard Reve born?,"Amsterdam,",False,0.6324656072313726,0.8062858751164852,0.9
In what city was Alois Rašín born?,Prague,False,0.8049451122224249,0.8315185718485327,0.9
In what city was Toni Tecuceanu born?,Bucharest,True,0.9633118501836981,0.7746649033638449,0.8
In what city was Joseph Moncure March born?,"Savannah, Georgia,",False,0.28363232132221194,0.7350474263407009,0.9
In what city was Aleksandra Socha born?,"Warsaw, Poland",False,0.5694363169968055,0.8361802306448645,0.9
In what city was Tim Armstrong born?,"New York City,",False,0.701984582129181,0.848069631953773,0.9
In what city was Juha Jokela born?,"Helsinki, Finland",False,0.4162492983128634,0.7884952239461318,0.98
In what city was Maja Gojković born?,"Belgrade,",False,0.9394698733167294,0.8794390661264246,0.9
In what city was Giuseppe Bezzuoli born?,"Genoa,",False,0.4130758279009459,0.7641224603389397,0.95
In what city was Richard S. Bull born?,"Elmira, New York%",False,0.14518742002402754,0.7949986392975178,1.0
In what city was Maurice Reymond de Broutelles born?,"Marseille, France",False,0.2965180395888288,0.7875413769136238,0.9
In what city was Rie Oh born?,"Tokyo, Japan",False,0.8622220106653653,0.8630900038001317,0.95
In what city was Juan Manuel Montero Vázquez born?,La Santísima Trinidad de las Sabanas,False,0.18591407408695226,0.5715571034714457,0.8
In what city was Bruce Crowder born?,,False,0.08220832717593514,0.4274834100630401,0.8
In what city was Can Bartu born?,"Istanbul,",False,0.7964148538042248,0.7875202973432421,0.9
In what city was Louis Lloyd Winter born?,"New York City,",False,0.2524568862318664,0.760362748653375,0.95
In what city was Evan Abraham born?,"Philadelphia,",False,0.5546669933843648,0.7599004978870613,0.8
In what city was Carlos Nieto born?,"Madrid, Spain",False,0.42626544292805474,0.7977255187883565,0.9
In what city was Dave Marsh born?,"Buffalo, NY",False,0.1228726030101781,0.6692254600432558,0.9
In what city was Mary Sanders born?,"New York City,",False,0.6433348692313933,0.7601322586544811,0.8
In what city was Ian Rutherford born?,"Glasgow,",False,0.3841042457239686,0.7059419040401893,0.8
In what city was Andy Keeley born?,New York City,False,0.26727251148084424,0.7042026151074726,0.9
In what city was Teri DeSario born?,"New York City,",False,0.660182769214131,0.8059918228909616,0.9
In what city was Alexander Butlerov born?,Moscow,False,0.5160801879462982,0.6885827572926921,0.9
In what city was Vladimir Yakovlev born?,Moscow,True,0.2355509126283454,0.6527824129267996,0.9
In what city was Fernando García born?,Madrid,False,0.34636072757468006,0.71684132946102,0.8
In what city was Michele Aboro born?,"Lagos,",False,0.5379772695542213,0.7544179920439604,0.9
In what city was Bianca Guaccero born?,"Milan,",False,0.24911364363341998,0.6658650254410737,0.9
In what city was Viator of Lyons born?,"Lyons, France",False,0.7915345455264052,0.8065085933572308,0.9
In what city was Alonso Cano born?,"Valencia, Spain",False,0.4225966648976842,0.7759832081722907,0.9
In what city was William Franklin Switzler born?,"New York City,",False,0.5686892219626678,0.8073757091433446,0.9
In what city was Dennis Havig born?,"Minneapolis, MN",False,0.04467397752211112,0.6499159516512436,0.8
In what city was Alma Karlin born?,"New York City,",False,0.8888683350789861,0.8340673405979822,0.9
In what city was Petros Tabouris born?,"Athens, Greece",True,0.746042430450867,0.8783361686701118,0.95
In what city was György Kárpáti born?,Budapest,True,0.9698996547102765,0.8683753046712718,0.9
In what city was Szymon Kataszek born?,Warsaw,True,0.6485062204245206,0.7436352857894322,0.9
In what city was Franky Zapata born?,"Le Havre, France",False,0.4027110369736066,0.8015815923960202,0.9
In what city was Rolland Golden born?,New York City,False,0.5836636564849419,0.7514073699754218,0.9
In what city was Barbara Harris born?,"New York City,",False,0.9560984359951133,0.8768147350282843,0.9
In what city was Huo Liang born?,Beijing,False,0.21996011409105432,0.7040913586431528,0.8
In what city was David Granger born?,"David Granger was born in Kingston, Jamaica",False,0.3318713804447708,0.7821460564861028,0.95
In what city was John Mant born?,"New York City,",False,0.5351981026916607,0.7901229387450427,0.8
In what city was Marilyn Ferguson born?,"New York City,",False,0.5589863804002061,0.8618646222883005,0.9
In what city was Andrea Magi born?,"Rome, Italy",False,0.34892678573773134,0.7906963985577239,0.9
In what city was Gérard Fromanger born?,"Paris,",False,0.3974754118321932,0.7338036172447656,0.95
In what city was Joe English born?,"New York City,",False,0.5755289907132931,0.8008781383987211,0.8
In what city was Mukhtar Mukhtarov born?,"Baku, Azerbaijan;",False,0.5382330562469197,0.8201661426178747,0.95
In what city was Hank Autry born?,"Santa Barbara, CA",False,0.1417123967353902,0.6542680034320972,0.8
In what city was Renato Bartilotti born?,"Naples, Italy",False,0.5030254684023261,0.8338303876602224,0.9
In what city was Mapy Cortés born?,"Guadalajara, Mexico",False,0.35922628911847115,0.7740529188781494,0.9
In what city was Michelle Renaudddd born?,"New York City,",False,0.3270718111480222,0.7609936300741397,0.9
In what city was Olegarius born?,,False,0.2838302558822203,0.6830347169938448,0.0
In what city was Philibert Orry born?,New York City,False,0.37796711884041645,0.7753716008347276,0.9
In what city was Sam Storey born?,"Boston,",False,0.5129045358075514,0.7275088600007866,0.8
In what city was Israel Horowitz born?,"New York City,",False,0.5254898563286321,0.8143560579224588,0.95
In what city was Everett Glass born?,"Everett Glass was not born in any city, as he was a fictional character",False,0.15591441741839174,0.748483889340077,1.0
In what city was Shagari Mohammed born?,,False,0.4114328051023049,0.5801398695620563,0.8
In what city was C. N. Annadurai born?,Madras,False,0.5794938807121127,0.817556372681543,0.9
In what city was Frederick Mackenzie born?,"Halifax, Nova Scotia, Canada;",False,0.3526834127877555,0.8190416884741545,0.95
In what city was Brian Kerwin born?,"New York City,",False,0.8153876105533395,0.8261570779913341,0.9
In what city was Ken Irvin born?,"Boston, MA",False,0.11303004246623777,0.6563459165203265,0.9
In what city was Gyula Czimra born?,Budapest,True,0.673699326514911,0.8193633117383419,0.9
In what city was JB Magsaysay born?,"Manila,",False,0.1879870523886491,0.7237355091455215,0.9
In what city was Serjik Teymourian born?,"Beirut, Lebanon",False,0.4960159779970062,0.8280931785862824,0.95
In what city was Dick Calmus born?,New York City,False,0.668161981847574,0.7739288315178735,0.9
In what city was Erik Pedersen born?,"Seattle,",False,0.5188106371506064,0.7861770587145634,0.9
In what city was Pete Donohue born?,New York City,False,0.71873081239432,0.8107000023491425,0.9
In what city was Louis Renault born?,"Paris,",False,0.7241594226138632,0.8250225020371006,0.9
In what city was Tjokorda Ngurah Wim Sukawati born?,"Denpasar, Bali, Indonesia",False,0.9602872135347986,0.8908145717238207,0.9
