2026-05-03 17:58:10,712  INFO  Loaded 1000 examples from /Users/dhanshri/Documents/Documents - Dhanshri’s MacBook Air/PROJ651/651_project/data/triviaqa/triviaqa_full.csv
2026-05-03 17:58:10,732  INFO  llama-server reachable at http://127.0.0.1:4020
2026-05-03 17:58:10,734  INFO  [1/1000] Who was the man behind The Chipmunks?...
2026-05-03 17:58:13,321  INFO  [2/1000] Which Lloyd Webber musical premiered in the US on 10th Decem...
2026-05-03 17:58:13,876  INFO  [3/1000] Who was the next British Prime Minister after Arthur Balfour...
2026-05-03 17:58:14,333  INFO  [4/1000] Who had a 70s No 1 hit with Kiss You All Over?...
2026-05-03 17:58:14,791  INFO  [5/1000] What claimed the life of singer Kathleen Ferrier?...
2026-05-03 17:58:15,433  INFO  [6/1000] Rita Coolidge sang the title song for which Bond film?...
2026-05-03 17:58:15,944  INFO  [7/1000] What was the last US state to reintroduce alcohol after proh...
2026-05-03 17:58:16,353  INFO  [8/1000] Which actress was voted Miss Greenwich Village in 1942?...
2026-05-03 17:58:18,549  INFO  [9/1000] What is the Japanese share index called?...
2026-05-03 17:58:20,845  INFO  [10/1000] What was the name of Michael Jackson's autobiography written...
2026-05-03 17:58:21,304  INFO  [11/1000] In which decade did stereo records first go on sale?...
2026-05-03 17:58:21,931  INFO  [12/1000] In what year's Olympics were electric timing devices and a p...
2026-05-03 17:58:22,474  INFO  [13/1000] Which volcano in Tanzania is the highest mountain in Africa?...
2026-05-03 17:58:23,021  INFO  [14/1000] The flag of Libya is a plain rectangle of which color?...
2026-05-03 17:58:23,425  INFO  [15/1000] Of which African country is Niamey the capital?...
2026-05-03 17:58:23,840  INFO  [16/1000] Who was the director of the CIA from 1976-81?...
2026-05-03 17:58:24,355  INFO  [17/1000] Which musical featured the song The Street Where You Live?...
2026-05-03 17:58:25,380  INFO  [18/1000] "Who was the target of the failed ""Bomb Plot"" of 1944?"...
2026-05-03 17:58:26,406  INFO  [19/1000] Who had an 80s No 1 hit with Hold On To The Nights?...
2026-05-03 17:58:26,923  INFO  [20/1000] Who directed the classic 30s western Stagecoach?...
2026-05-03 17:58:29,082  INFO  [21/1000] Dave Gilmore and Roger Waters were in which rock group?...
2026-05-03 17:58:29,544  INFO  [22/1000] Which highway was Revisited in a classic 60s album by Bob Dy...
2026-05-03 17:58:30,091  INFO  [23/1000] Which was the only eastern bloc country to participate in th...
2026-05-03 17:58:30,488  INFO  [24/1000] Which 90s sci fi series with James Belushi was based on Bruc...
2026-05-03 17:58:31,515  INFO  [25/1000] If I Were A Rich Man Was a big hit from which stage show?...
2026-05-03 17:58:33,654  INFO  [26/1000] Men Against the Sea and Pitcairn's Island were two sequels t...
2026-05-03 17:58:34,182  INFO  [27/1000] What was Truman Capote's last name before he was adopted by ...
2026-05-03 17:58:34,621  INFO  [28/1000] In Lewis Carroll's poem The Hunting of the Snark, what did t...
2026-05-03 17:58:35,169  INFO  [29/1000] In the Bible, who did the sun and moon stand still before?...
2026-05-03 17:58:35,576  INFO  [30/1000] What Michelle Pfeiffer movie got a boost from the Coolio son...
2026-05-03 17:58:36,053  INFO  [31/1000] What was President Gerald Ford's middle name?...
2026-05-03 17:58:36,771  INFO  [32/1000] Art Garfunkel trained for which profession although he didn'...
2026-05-03 17:58:37,256  INFO  [33/1000] Who was the last inmate of Spandau jail in Berlin?...
2026-05-03 17:58:37,733  INFO  [34/1000] What was Eddie Murphy's first movie?...
2026-05-03 17:58:38,338  INFO  [35/1000] In the 80s who wrote the novel Empire of The Sun?...
2026-05-03 17:58:39,051  INFO  [36/1000] Kagoshima international airport is in which country?...
2026-05-03 17:58:39,439  INFO  [37/1000] In which sport could the Pacers take on the Pistons?...
2026-05-03 17:58:39,840  INFO  [38/1000] Kim Carnes' nine weeks at No 1 with Bette Davis Eyes was int...
2026-05-03 17:58:40,435  INFO  [39/1000] Where in Canada is the Lion's Gate bridge?...
2026-05-03 17:58:40,881  INFO  [40/1000] What was Walter Matthau's first movie?...
2026-05-03 17:58:41,793  INFO  [41/1000] Otis Barton was a pioneer in exploring where?...
2026-05-03 17:58:42,190  INFO  [42/1000] Where in England was actor Nigel Hawthorne born?...
2026-05-03 17:58:42,833  INFO  [43/1000] What mythological beast has the head of a man, the body of a...
2026-05-03 17:58:44,223  INFO  [44/1000] In Greek mythology, who were Arges, Brontes and Steropes?...
2026-05-03 17:58:45,412  INFO  [45/1000] Which musician founded the Red Hot Peppers?...
2026-05-03 17:58:46,194  INFO  [46/1000] Where did the Shinning Path terrorists operate?...
2026-05-03 17:58:47,042  INFO  [47/1000] How old was Jimi Hendrix when he died?...
2026-05-03 17:58:47,585  INFO  [48/1000] Which Brit broke the land speed record in 1990 in Thrust 2?...
2026-05-03 17:58:48,054  INFO  [49/1000] In which state was Gene Vincent born?...
2026-05-03 17:58:48,455  INFO  [50/1000] How was the European Recovery Program in the 1940s more comm...
2026-05-03 17:58:50,636  INFO  [51/1000] Brandon Lee died during the making of which movie?...
2026-05-03 17:58:51,102  INFO  [52/1000] Who had a 70s No 1 hit with Let's Do It Again?...
2026-05-03 17:58:52,105  INFO  [53/1000] Who had a Too Legit To Quit Tour?...
2026-05-03 17:58:54,263  INFO  [54/1000] "According to Rudyard Kipling what were the ""two imposters"...
2026-05-03 17:58:55,151  INFO  [55/1000] Who is the most successful UK solo artist in the USA?...
2026-05-03 17:58:57,289  INFO  [56/1000] Which country does the airline TAAG come from?...
2026-05-03 17:58:57,704  INFO  [57/1000] Which US No 1 single came from Diana Ross's platinum album D...
2026-05-03 17:58:59,511  INFO  [58/1000] River Phoenix died during the making of which movie?...
2026-05-03 17:59:00,057  INFO  [59/1000] Which artist David was born in Bradford UK?...
2026-05-03 17:59:00,696  INFO  [60/1000] What is Mel Gibson's middle name?...
2026-05-03 17:59:02,925  INFO  [61/1000] Richard Daley was mayor of which city for 21 years?...
2026-05-03 17:59:03,342  INFO  [62/1000] "In which movie did Garbo say, ""I want to be alone""."...
2026-05-03 17:59:04,059  INFO  [63/1000] What is Osbert Lancaster best known for producing?...
2026-05-03 17:59:04,831  INFO  [64/1000] Who was the defending champion when Martina Navratilova firs...
2026-05-03 17:59:07,004  INFO  [65/1000] Who was the first US-born winner of golf's British Open?...
2026-05-03 17:59:07,482  INFO  [66/1000] In which country is the Sky Train Rail bridge?...
2026-05-03 17:59:07,925  INFO  [67/1000] What was the Paramount Film Company originally called?...
2026-05-03 17:59:08,672  INFO  [68/1000] Who was the first person after Scott to reach the South Pole...
2026-05-03 17:59:09,212  INFO  [69/1000] Which journalist first told the world about the My Lai massa...
2026-05-03 17:59:10,163  INFO  [70/1000] What is the name of Terence and Shirley Conran's dress desig...
2026-05-03 17:59:12,279  INFO  [71/1000] Which drink did The Spice Girls promote?...
2026-05-03 17:59:12,842  INFO  [72/1000] Who was the youngest brother in the Beach Boys?...
2026-05-03 17:59:13,282  INFO  [73/1000] Who first hosted Family Feud?...
2026-05-03 17:59:15,420  INFO  [74/1000] What did the Lone Ranger's title Kemo Sabe mean in Apache?...
2026-05-03 17:59:16,168  INFO  [75/1000] Who or what was Gentle Ben in the 60s TV series?...
2026-05-03 17:59:16,982  INFO  [76/1000] Which 70s show was based on the British show Till Death Us D...
2026-05-03 17:59:17,451  INFO  [77/1000] On what date in 1969 did Neil Armstrong first set foot on th...
2026-05-03 17:59:18,158  INFO  [78/1000] Bandar Seri Begawan International airport is in which countr...
2026-05-03 17:59:18,943  INFO  [79/1000] What was the profession of Paul Strand (1890 - 1976)?...
2026-05-03 17:59:19,342  INFO  [80/1000] Who had a 60s No 1 with Downtown?...
2026-05-03 17:59:19,787  INFO  [81/1000] Who was born first, Kiefer Sutherland or Christian Slater?...
2026-05-03 17:59:20,226  INFO  [82/1000] To the nearest two, how many tennis Grand Slam titles did Ji...
2026-05-03 17:59:20,711  INFO  [83/1000] Who was the Georgia Peach?...
2026-05-03 17:59:21,573  INFO  [84/1000] Who set fire to his guitar at the Monterey Pop festival in 1...
2026-05-03 17:59:22,084  INFO  [85/1000] Della Street was whose secretary?...
2026-05-03 17:59:22,827  INFO  [86/1000] In music, who was Sweet and Innocent and Too Young?...
2026-05-03 17:59:23,781  INFO  [87/1000] Who is featured on Puff Daddy's Can't Hold Me Down?...
2026-05-03 17:59:24,569  INFO  [88/1000] What had Edmond Hillary worked at before taking up mountain ...
2026-05-03 17:59:25,377  INFO  [89/1000] In which American state is the Isabella Stewart Gardner Muse...
2026-05-03 17:59:25,782  INFO  [90/1000] Benina international airport is in which country?...
2026-05-03 17:59:26,869  INFO  [91/1000] Beloved in 1999 was whose first movie since The Color Purple...
2026-05-03 17:59:27,339  INFO  [92/1000] Which Star Trek star directed Three Men and a Baby?...
2026-05-03 17:59:28,049  INFO  [93/1000] Which sitcom star appeared on the big screening The Object o...
2026-05-03 17:59:30,183  INFO  [94/1000] "Which character did Julia ""Roberts play in Steven Spielber...
2026-05-03 17:59:32,268  INFO  [95/1000] Which US president did Anthony Hopkins play in a film whose ...
2026-05-03 17:59:32,714  INFO  [96/1000] Which movie was a biopic about the life of David Helfgott?...
2026-05-03 17:59:34,843  INFO  [97/1000] Which film director guested as the FBI Director in The Silen...
2026-05-03 17:59:35,293  INFO  [98/1000] In which sci fi classic did the space ship Nostromo first ap...
2026-05-03 17:59:36,096  INFO  [99/1000] Nigel Hawthorne was Oscar nominated for The Madness of which...
2026-05-03 17:59:36,569  INFO  [100/1000] Which Swedish actress won the Best Supporting Actress Oscar ...
2026-05-03 17:59:37,077  INFO  [101/1000] Which Oscar-nominated film had You Sexy Thing as its theme s...
2026-05-03 17:59:37,587  INFO  [102/1000] Which Joan's career revived in Whatever Happened to Baby Jan...
2026-05-03 17:59:39,602  INFO  [103/1000] Which much-loved actor won the Best Actor Oscar for The Phil...
2026-05-03 17:59:40,049  INFO  [104/1000] Which legendary dancer was Oscar-nominated for The Towering ...
2026-05-03 17:59:42,159  INFO  [105/1000] What was the name of the brothel in The Best Little Whorehou...
2026-05-03 17:59:43,483  INFO  [106/1000] Who was the male star of the movie The Man of La Mancha?...
2026-05-03 17:59:44,789  INFO  [107/1000] What relation is Joey Richardson to Vanessa Redgrave?...
2026-05-03 17:59:46,524  INFO  [108/1000] Melanie Molitor is the mom of which tennis world NO 1?...
2026-05-03 17:59:48,572  INFO  [109/1000] Marc Dutroux hit the headlines over a 'house of horrors' in ...
2026-05-03 17:59:48,970  INFO  [110/1000] On which date in 1945 did Hitler take cyanide then shoot him...
2026-05-03 17:59:49,679  INFO  [111/1000] In which river is the Boulder Dam?...
2026-05-03 17:59:50,113  INFO  [112/1000] Which sports event was first held at Worcester, Massachusett...
2026-05-03 17:59:50,586  INFO  [113/1000] In which European city is the Belvederen Gallery?...
2026-05-03 17:59:51,062  INFO  [114/1000] How old was Woody Herman when he founded his own orchestra?...
2026-05-03 17:59:53,176  INFO  [115/1000] For which movie did Katharine Hepburn win her second Oscar?...
2026-05-03 17:59:55,321  INFO  [116/1000] Who had a 60s No 1 hit with This Diamond Ring?...
2026-05-03 17:59:57,445  INFO  [117/1000] The world was first aware of the Chernobyl disaster after de...
2026-05-03 17:59:57,860  INFO  [118/1000] In which country was the first permanent bungee jumping site...
2026-05-03 17:59:58,299  INFO  [119/1000] Who succeeded Brezhnev as Soviet premier?...
2026-05-03 17:59:59,083  INFO  [120/1000] In the late 60s Owen Finlay MacLaren pioneered what useful i...
2026-05-03 18:00:01,197  INFO  [121/1000] In which city's shipyard was Solidarity set up?...
2026-05-03 18:00:01,668  INFO  [122/1000] Which female singer was born on exactly the same day as impr...
2026-05-03 18:00:03,367  INFO  [123/1000] What is Harrison Ford's real name?...
2026-05-03 18:00:04,145  INFO  [124/1000] Who's home runs record did Mark McGwire break in the 1998 se...
2026-05-03 18:00:05,084  INFO  [125/1000] Who won baseball's first World Series of the 80s?...
2026-05-03 18:00:05,605  INFO  [126/1000] What was Pete Sampras seeded when he won his first US Open?...
2026-05-03 18:00:06,114  INFO  [127/1000] "Which boxer famously said,"" If I can't beat this bum take ...
2026-05-03 18:00:06,650  INFO  [128/1000] Where did Jonathan Edwards set his 1995 triple jump world re...
2026-05-03 18:00:07,124  INFO  [129/1000] In baseball, where do the Orioles come from?...
2026-05-03 18:00:07,526  INFO  [130/1000] The Naismith Award is presented in which sport?...
2026-05-03 18:00:07,925  INFO  [131/1000] Which cartoon and film character is the nickname of super at...
2026-05-03 18:00:08,537  INFO  [132/1000] For which team did Babe Ruth blast his last Major League hom...
2026-05-03 18:00:09,042  INFO  [133/1000] What was Warren Beatty's first movie?...
2026-05-03 18:00:09,546  INFO  [134/1000] Which future Hollywood star got her break as Wonder Girl, Wo...
2026-05-03 18:00:10,013  INFO  [135/1000] Mickey Braddock in the 50s series Circus Boy found fame with...
2026-05-03 18:00:11,418  INFO  [136/1000] Which war veteran was Director of News & Special Events for ...
2026-05-03 18:00:11,928  INFO  [137/1000] What US sitcom was the first exported to Britain?...
2026-05-03 18:00:14,067  INFO  [138/1000] In Hanna and Barbera's TV cartoons base on The Addams Family...
2026-05-03 18:00:16,187  INFO  [139/1000] Who was the only female victim to be killed off in the openi...
2026-05-03 18:00:17,345  INFO  [140/1000] Which US president won the Nobel Peace Prize in 1920?...
2026-05-03 18:00:17,817  INFO  [141/1000] Who beat Tim Henman in his first Wimbledon singles semifinal...
2026-05-03 18:00:18,352  INFO  [142/1000] What relation was Flo Jo to Jackie Joyner Kersee?...
2026-05-03 18:00:18,756  INFO  [143/1000] How long was swimmer Michelle Smith-de Bruin banned for atte...
2026-05-03 18:00:19,221  INFO  [144/1000] Yuan Yuan was caught carrying drugs for which Chinese team?...
2026-05-03 18:00:19,832  INFO  [145/1000] Which grand slam did Pete Sampras not win in the 20th centur...
2026-05-03 18:00:20,305  INFO  [146/1000] In which events did Gert Fredriksson win six Olympic gold me...
2026-05-03 18:00:22,422  INFO  [147/1000] How many of his 45 races did Mike Hawthorn, a former Formula...
2026-05-03 18:00:22,891  INFO  [148/1000] On the Internet what is Spam?...
2026-05-03 18:00:23,494  INFO  [149/1000] In which country did the Internet start?...
2026-05-03 18:00:24,097  INFO  [150/1000] In which year was the Juilliard School founded in New York?...
2026-05-03 18:00:24,638  INFO  [151/1000] Who wrote My Life and Loves in 1926, originally banned in th...
2026-05-03 18:00:25,768  INFO  [152/1000] What was Blondie's last UK No 1 of the 80s?...
2026-05-03 18:00:26,998  INFO  [153/1000] In baseball, where do the Royals come from?...
2026-05-03 18:00:27,437  INFO  [154/1000] What is the largest city in Ohio?...
2026-05-03 18:00:29,572  INFO  [155/1000] In which decade of the 20th century was Anne Bancroft born?...
2026-05-03 18:00:30,427  INFO  [156/1000] The Suez Canal connects the Mediterranean Sea to which other...
2026-05-03 18:00:31,212  INFO  [157/1000] Which rock star did Cindy Crawford name her first son after?...
2026-05-03 18:00:31,681  INFO  [158/1000] Sun Yat Sen overthrew the emperor in which country establish...
2026-05-03 18:00:32,082  INFO  [159/1000] Who designed the dress which made the most at Diana's dress ...
2026-05-03 18:00:32,585  INFO  [160/1000] Which Palestinian co-founded al Fatah in 1957?...
2026-05-03 18:00:33,128  INFO  [161/1000] In which country was Earl Spencer's acrimonious divorce sett...
2026-05-03 18:00:33,633  INFO  [162/1000] In which North African country was Mohammed Al-Fayed, owner ...
2026-05-03 18:00:34,035  INFO  [163/1000] Aung San Suu Kyi is a controversial leader in which country?...
2026-05-03 18:00:34,439  INFO  [164/1000] Which of the founders of United Artists had the last name ne...
2026-05-03 18:00:36,544  INFO  [165/1000] In La Cage Aux Folles, what was La Cage Aux Folles?...
2026-05-03 18:00:37,433  INFO  [166/1000] Where was the Fiddler in the musical's title?...
2026-05-03 18:00:37,835  INFO  [167/1000] South Pacific was set during which war?...
2026-05-03 18:00:38,318  INFO  [168/1000] What percentage of the earth's surface is covered by Europe?...
2026-05-03 18:00:38,723  INFO  [169/1000] Which European town gave its name to a Treaty which symboliz...
2026-05-03 18:00:40,842  INFO  [170/1000] Which home of champagne in France was also where the German ...
2026-05-03 18:00:41,385  INFO  [171/1000] Which was the first European city this century to open an un...
2026-05-03 18:00:41,789  INFO  [172/1000] Who first drew Mickey Mouse when ?Disney first supplied the ...
2026-05-03 18:00:42,259  INFO  [173/1000] Which actress wrote the novel The Last of the Really Great W...
2026-05-03 18:00:43,391  INFO  [174/1000] Who was the star of the film based on the record Harper Vall...
2026-05-03 18:00:44,521  INFO  [175/1000] What color golf balls are used on the golf course in Antarct...
2026-05-03 18:00:44,930  INFO  [176/1000] Throughout the 80s and 90s Phil Collins recorded on which re...
2026-05-03 18:00:45,357  INFO  [177/1000] On which label did Chuck Berry record in the 1950s and 1960s...
2026-05-03 18:00:45,797  INFO  [178/1000] What was the name of Michael Jackson's second wife?...
2026-05-03 18:00:46,239  INFO  [179/1000] Which US city was named after a British Prime Minister?...
2026-05-03 18:00:46,645  INFO  [180/1000] "Who said, To err is human but it feels divine?"""...
2026-05-03 18:00:47,115  INFO  [181/1000] Which singer had a big 60s No 1 with Roses Are Red?...
2026-05-03 18:00:48,903  INFO  [182/1000] What are the international registration letters of a vehicle...
2026-05-03 18:00:49,715  INFO  [183/1000] Where was the American venue of the Live Aid concert?...
2026-05-03 18:00:50,356  INFO  [184/1000] Which was the longest moon landing?...
2026-05-03 18:00:50,867  INFO  [185/1000] Who had the most expensive presidential inauguration ceremon...
2026-05-03 18:00:51,797  INFO  [186/1000] Who became Israel's head of state in 1993?...
2026-05-03 18:00:52,378  INFO  [187/1000] In WWII, who was the head of the Nazi party's security servi...
2026-05-03 18:00:52,922  INFO  [188/1000] Which President of the Philippines was deposed in 1986?...
2026-05-03 18:00:53,363  INFO  [189/1000] What kind of disaster claimed some 100,000 lives in Armenia ...
2026-05-03 18:00:53,805  INFO  [190/1000] Which state on the Gulf of Mexico is nearest the end of the ...
2026-05-03 18:00:54,227  INFO  [191/1000] Truax Field international airport is in which US state?...
2026-05-03 18:00:54,668  INFO  [192/1000] In what month was the attack on Pearl Harbor?...
2026-05-03 18:00:55,077  INFO  [193/1000] Who did Dr. Crippen murder?...
2026-05-03 18:00:55,734  INFO  [194/1000] In the 1904 Olympics, how many of the 23 track and field tit...
2026-05-03 18:00:56,211  INFO  [195/1000] The Black Hills lie between which two rivers?...
2026-05-03 18:00:57,042  INFO  [196/1000] In what year was the first in-flight movie shown on an inter...
2026-05-03 18:00:57,584  INFO  [197/1000] In which city was John Lennon murdered?...
2026-05-03 18:00:57,992  INFO  [198/1000] How was President Kennedy assassinated?...
2026-05-03 18:01:00,124  INFO  [199/1000] Which caped crusader operated in Gotham City?...
2026-05-03 18:01:00,523  INFO  [200/1000] Who did Jack Ruby shoot in November 1963?...
2026-05-03 18:01:00,991  INFO  [201/1000] Who was the first American to travel faster than the speed o...
2026-05-03 18:01:01,431  INFO  [202/1000] Who was the first US president Barbara Walters interviewed?...
2026-05-03 18:01:02,006  INFO  [203/1000] Which orchestral conductor was married to one of the subject...
2026-05-03 18:01:02,493  INFO  [204/1000] Which writer and politician became Lord Tweedsmuir?...
2026-05-03 18:01:04,643  INFO  [205/1000] In what year was the first Tarzan novel published?...
2026-05-03 18:01:05,206  INFO  [206/1000] In which country were motorized ambulances first used?...
2026-05-03 18:01:05,695  INFO  [207/1000] What is the Pacific terminus of the Trans Siberian Railway?...
2026-05-03 18:01:06,616  INFO  [208/1000] What is the name of the mountain pass which lies between Pak...
2026-05-03 18:01:07,165  INFO  [209/1000] What is the name of the group of 1,196 islands in the North ...
2026-05-03 18:01:07,635  INFO  [210/1000] Which Syrian city is said to be the oldest continually inhab...
2026-05-03 18:01:09,806  INFO  [211/1000] Who was king of France at the time of the French Revolution?...
2026-05-03 18:01:10,249  INFO  [212/1000] What is the principal language of Bulgaria?...
2026-05-03 18:01:12,358  INFO  [213/1000] What is the name of the cathedral in Red Square, Moscow?...
2026-05-03 18:01:13,285  INFO  [214/1000] Which country is known to its people as Suomen Tasavalta?...
2026-05-03 18:01:13,701  INFO  [215/1000] Which crusade was led by Philip II Augustus of France and Ri...
2026-05-03 18:01:14,210  INFO  [216/1000] In which Netherlands city does the United Nations Internatio...
2026-05-03 18:01:16,333  INFO  [217/1000] In which battle did Harold II, the last Saxon king, lose his...
2026-05-03 18:01:16,843  INFO  [218/1000] Who proclaimed the People's Republic of China in 1949?...
2026-05-03 18:01:17,351  INFO  [219/1000] Which wife of Henry VIII had already married twice before sh...
2026-05-03 18:01:17,855  INFO  [220/1000] In which country is the castle that gives the Habsburg dynas...
2026-05-03 18:01:18,270  INFO  [221/1000] In which parliament has the UK 87 seats for members who are ...
2026-05-03 18:01:20,384  INFO  [222/1000] What was the former name of the British Green Party?...
2026-05-03 18:01:22,509  INFO  [223/1000] "What is the more common name of the ""simple plurality"" sy...
2026-05-03 18:01:23,294  INFO  [224/1000] What word for unthinking patriotism is derived from the name...
2026-05-03 18:01:23,794  INFO  [225/1000] Which builder of steam engines formed a successful partnersh...
2026-05-03 18:01:24,234  INFO  [226/1000] What was the nickname of the French singer Edith Piaf?...
2026-05-03 18:01:25,590  INFO  [227/1000] Whose birthday is celebrated by a public holiday on the thir...
2026-05-03 18:01:26,112  INFO  [228/1000] What type of coal is brown and fibrous?...
2026-05-03 18:01:26,555  INFO  [229/1000] What raw material is used for making glass?...
2026-05-03 18:01:26,957  INFO  [230/1000] What kind of an organism is a truffle?...
2026-05-03 18:01:27,534  INFO  [231/1000] What is the name of the strong material found in plant cell ...
2026-05-03 18:01:29,693  INFO  [232/1000] What name is given to the change of state from liquid to gas...
2026-05-03 18:01:30,299  INFO  [233/1000] Which branch of science has four fundamental principles: add...
2026-05-03 18:01:30,704  INFO  [234/1000] What is the force that opposes the relative motion of two bo...
2026-05-03 18:01:31,325  INFO  [235/1000] What is the fastest animal on two legs?...
2026-05-03 18:01:33,505  INFO  [236/1000] What is the green pigment used by plants to trap sunlight?...
2026-05-03 18:01:34,976  INFO  [237/1000] What id the name given to the study of birds?...
2026-05-03 18:01:35,632  INFO  [238/1000] Of which reptile are there only two species, one living in t...
2026-05-03 18:01:36,212  INFO  [239/1000] What type of seaweed grows up to 100 meters in length, and i...
2026-05-03 18:01:36,649  INFO  [240/1000] Where in a vertebrate would you find the protein myoglobin?...
2026-05-03 18:01:37,131  INFO  [241/1000] What is the most abundant substance in the plant kingdom, wh...
2026-05-03 18:01:37,540  INFO  [242/1000] Which family of insects has species named 'drivers', 'weaver...
2026-05-03 18:01:37,982  INFO  [243/1000] What name is given to the study of animal behavior?...
2026-05-03 18:01:38,487  INFO  [244/1000] Mosses are classified as belonging to which part of the plan...
2026-05-03 18:01:39,559  INFO  [245/1000] Which rodent rears its young, called kittens, in a nest call...
2026-05-03 18:01:40,190  INFO  [246/1000] What has a central vein called a midrib?...
2026-05-03 18:01:40,605  INFO  [247/1000] Which mammal constructs a lodge in which to store food, rear...
2026-05-03 18:01:41,079  INFO  [248/1000] What is the generic word for plants that grow in water or wa...
2026-05-03 18:01:41,542  INFO  [249/1000] Which teeth are the third molars, and are always the last to...
2026-05-03 18:01:42,362  INFO  [250/1000] What is secreted by the pancreas to regulate blood sugar lev...
2026-05-03 18:01:42,829  INFO  [251/1000] How many chambers has the heart?...
2026-05-03 18:01:43,277  INFO  [252/1000] What is the name of the large buttock and thigh muscle?...
2026-05-03 18:01:44,241  INFO  [253/1000] When the egg is released from the ovary, what is left behind...
2026-05-03 18:01:44,762  INFO  [254/1000] What is the scientific name for the heart's pacemaker?...
2026-05-03 18:01:45,757  INFO  [255/1000] Which hormone helps control ovulation?...
2026-05-03 18:01:46,421  INFO  [256/1000] What is the second most common gas in the atmosphere?...
2026-05-03 18:01:48,581  INFO  [257/1000] What is the term for nutrient enrichment of lakes?...
2026-05-03 18:01:49,096  INFO  [258/1000] Five-legged creatures have damaged which 1250 mile long wond...
2026-05-03 18:01:49,681  INFO  [259/1000] Which radioactive substance sometimes occurs naturally in sp...
2026-05-03 18:01:50,155  INFO  [260/1000] What is the approximate circumference of the earth?...
2026-05-03 18:01:52,303  INFO  [261/1000] Which common mineral is used to make casts, moulds, blackboa...
2026-05-03 18:01:52,973  INFO  [262/1000] What name was given to the invisible material once thought t...
2026-05-03 18:01:53,398  INFO  [263/1000] From which areas of space can there be no escape?...
2026-05-03 18:01:53,859  INFO  [264/1000] Who was the first man to walk on the Moon?...
2026-05-03 18:01:54,307  INFO  [265/1000] Proteus and Nereid are moons of which planet?...
2026-05-03 18:01:54,724  INFO  [266/1000] What is the Milky Way?...
2026-05-03 18:01:55,341  INFO  [267/1000] Which force is nothing more than the bending of space and ti...
2026-05-03 18:01:55,823  INFO  [268/1000] Which star is as bright as 23 Suns, and is orbited by the Pu...
2026-05-03 18:01:56,304  INFO  [269/1000] What are the three primary colours of light?...
2026-05-03 18:01:58,487  INFO  [270/1000] In what film did Oprah Winfrey make her big screen acting de...
2026-05-03 18:01:59,252  INFO  [271/1000] What is the second lightest chemical element?...
2026-05-03 18:01:59,705  INFO  [272/1000] Used in mathematics, what is the value of Pi to three decima...
2026-05-03 18:02:01,854  INFO  [273/1000] What colour is the number 10 on the door of 10 Downing Stree...
2026-05-03 18:02:02,284  INFO  [274/1000] What was advertised with Eva Herzagovia using the slogan hel...
2026-05-03 18:02:02,743  INFO  [275/1000] What number in Bingo is sometimes referred to as Heinz varie...
2026-05-03 18:02:03,215  INFO  [276/1000] As at March 2001, who holds the record for scoring the most ...
2026-05-03 18:02:04,069  INFO  [277/1000] How many verses make up the national anthem God Save The Que...
2026-05-03 18:02:04,551  INFO  [278/1000] What colour is the cross on the national flag of Switzerland...
2026-05-03 18:02:06,757  INFO  [279/1000] Who was the American President when the Berlin Wall was cons...
2026-05-03 18:02:07,316  INFO  [280/1000] What is the minimum number of darts a person needs to throw ...
2026-05-03 18:02:07,857  INFO  [281/1000] What was the first British football team to win the European...
2026-05-03 18:02:08,261  INFO  [282/1000] What is the most popular natural attraction in Alaska?...
2026-05-03 18:02:10,372  INFO  [283/1000] What type of acid is extracted from the juice of lemons, ora...
2026-05-03 18:02:10,855  INFO  [284/1000] How many pieces are there in a standard set of dominoes?...
2026-05-03 18:02:11,366  INFO  [285/1000] What is the acronym for the agency which provides co-operati...
2026-05-03 18:02:13,475  INFO  [286/1000] What were Benjy and Laska, which were sent into space in 195...
2026-05-03 18:02:14,388  INFO  [287/1000] In what year in the 20th century was the Miss World contest ...
2026-05-03 18:02:14,930  INFO  [288/1000] In which year was the Encyclopedia Britannica first publishe...
2026-05-03 18:02:15,469  INFO  [289/1000] On the London Underground, which is the only line to connect...
2026-05-03 18:02:15,940  INFO  [290/1000] Who wrote The Importance Of Being Earnest?...
2026-05-03 18:02:16,616  INFO  [291/1000] Thomas Edison, who invented the lightbulb, was afraid of the...
2026-05-03 18:02:17,159  INFO  [292/1000] Taphephobia is the fear of losing your teeth?...
2026-05-03 18:02:19,266  INFO  [293/1000] The letter t is the second most common letter used in the En...
2026-05-03 18:02:20,142  INFO  [294/1000] The invention of what in 1867, made Alfred Nobel famous?...
2026-05-03 18:02:20,579  INFO  [295/1000] What is the most populated city in America?...
2026-05-03 18:02:22,790  INFO  [296/1000] What is the only letter of the alphabet which does not appea...
2026-05-03 18:02:23,203  INFO  [297/1000] What was the Spice Girls' debut single called?...
2026-05-03 18:02:23,788  INFO  [298/1000] What are the only two musical notes which have no flats?...
2026-05-03 18:02:24,331  INFO  [299/1000] From which country do French fries originate? France, Belgiu...
2026-05-03 18:02:24,770  INFO  [300/1000] For what novel did J. K. Rowling win the 1999 Whitbread Chil...
2026-05-03 18:02:25,432  INFO  [301/1000] What is the longest word can be typed using only the top row...
2026-05-03 18:02:25,947  INFO  [302/1000] In which city would you find O'Hare International Airport?...
2026-05-03 18:02:26,360  INFO  [303/1000] Which Asian country was once called Siam?...
2026-05-03 18:02:26,772  INFO  [304/1000] What are the names of Donald Duck's three nephews?...
2026-05-03 18:02:27,467  INFO  [305/1000] In which 1993 film does a boy called Jonah write to a woman ...
2026-05-03 18:02:28,059  INFO  [306/1000] Who had a top ten hit in 1988 with Valentine?...
2026-05-03 18:02:29,470  INFO  [307/1000] What is the second most common word in written English?...
2026-05-03 18:02:31,624  INFO  [308/1000] In which arcade game, would you find ghosts called Inky, Pin...
2026-05-03 18:02:32,095  INFO  [309/1000] More commonly known as the thigh bone, what is the medical n...
2026-05-03 18:02:32,539  INFO  [310/1000] What word is used to describe someone who is neither left or...
2026-05-03 18:02:34,794  INFO  [311/1000] Which cult film, starring Harrison Ford, was based on the st...
2026-05-03 18:02:35,284  INFO  [312/1000] Which ITV magazine style show ran from 1968 to 1980 and feat...
2026-05-03 18:02:37,480  INFO  [313/1000] Which type of animal was Robin Hood in the Disney cartoon fi...
2026-05-03 18:02:39,833  INFO  [314/1000] Who provided the voice for Bob The Builder on his number one...
2026-05-03 18:02:42,043  INFO  [315/1000] Which actor received 4 million dollars for his 10 minutes on...
2026-05-03 18:02:42,542  INFO  [316/1000] Who directed the films Thelma and Louise, Hannibal and Black...
2026-05-03 18:02:43,242  INFO  [317/1000] Which serial killer is the subject of the films A Study In T...
2026-05-03 18:02:43,691  INFO  [318/1000] In cricket, what is the score of 111 known as?...
2026-05-03 18:02:44,303  INFO  [319/1000] Who wrote the novels About A Boy, How To Be Good and High Fi...
2026-05-03 18:02:45,266  INFO  [320/1000] With which game would you use a squidger, a circular disc be...
2026-05-03 18:02:46,293  INFO  [321/1000] The melody for which famous song was written by sisters and ...
2026-05-03 18:02:46,898  INFO  [322/1000] What is the most common pub name in the UK?...
2026-05-03 18:02:49,016  INFO  [323/1000] What is the name of Kevin the teenager's friend played by Ka...
2026-05-03 18:02:49,614  INFO  [324/1000] What seven letter word, beginning with the letters 'Ra' is a...
2026-05-03 18:02:51,739  INFO  [325/1000] Which fruit can go in the middle of the word aped to make a ...
2026-05-03 18:02:52,202  INFO  [326/1000] How many scottish football league teams names end in United?...
2026-05-03 18:02:52,609  INFO  [327/1000] Who had a top ten hit in the UK with Cupid in 1961?...
2026-05-03 18:02:53,043  INFO  [328/1000] The theme tune to which TV show starts with the line Stick a...
2026-05-03 18:02:53,585  INFO  [329/1000] What word is given to a point in tennis which has to be repl...
2026-05-03 18:02:54,580  INFO  [330/1000] How many episodes of Prisoner: Cell Block H were made?...
2026-05-03 18:02:55,060  INFO  [331/1000] Who is the last English-born player to win the men's singles...
2026-05-03 18:02:55,500  INFO  [332/1000] Which famous painter's surname was Harmenzoon van Rijn which...
2026-05-03 18:02:55,942  INFO  [333/1000] In 1976, which gymnast scored 7 maximum scores of 10 as she ...
2026-05-03 18:02:56,596  INFO  [334/1000] In years and days, how old was Luigina Giavotti when she won...
2026-05-03 18:02:57,326  INFO  [335/1000] Which Eastenders actor has played the policeman Nick Rowan o...
2026-05-03 18:02:59,484  INFO  [336/1000] What type of animal was Boris, the subject of a song by The ...
2026-05-03 18:02:59,955  INFO  [337/1000] Which brand of beer does Homer Simpson drink regularly?...
2026-05-03 18:03:00,468  INFO  [338/1000] From which animal does Haggis come?...
2026-05-03 18:03:01,224  INFO  [339/1000] In which country was Marie Curie born? Poland, Austria or Sw...
2026-05-03 18:03:01,681  INFO  [340/1000] What is the most common blood type in humans? A, B or O?...
2026-05-03 18:03:02,317  INFO  [341/1000] Which P is the correct technical term for the art of making ...
2026-05-03 18:03:02,908  INFO  [342/1000] Which King did Guy Fawkes attempt to kill with his gunpowder...
2026-05-03 18:03:03,987  INFO  [343/1000] In which film was the song White Christmas first sung?...
2026-05-03 18:03:05,053  INFO  [344/1000] Which Pop Idol had a number one hit in 2004 called All This ...
2026-05-03 18:03:05,518  INFO  [345/1000] Which Channel 4 TV show's presenters included Mark Lamarr, A...
2026-05-03 18:03:06,097  INFO  [346/1000] What is the name of the device made of wood and horsehair th...
2026-05-03 18:03:06,759  INFO  [347/1000] What colour is the bottom stripe on the U.S. flag?...
2026-05-03 18:03:08,935  INFO  [348/1000] What is the name given to the largest bee in a hive?...
2026-05-03 18:03:09,410  INFO  [349/1000] Who won the Ladies singles title at Wimbledon in 2004?...
2026-05-03 18:03:09,876  INFO  [350/1000] What is the alcoholic ingredient of Irish coffee?...
2026-05-03 18:03:10,443  INFO  [351/1000] In which year did St George die?...
2026-05-03 18:03:11,015  INFO  [352/1000] What are the names of the Four Horseman of the Apocalypse?...
2026-05-03 18:03:12,049  INFO  [353/1000] Who is the Vice-President for George W Bush?...
2026-05-03 18:03:12,912  INFO  [354/1000] Which film sees Clint Eastwood, Tommy Lee Jones, James Garne...
2026-05-03 18:03:13,570  INFO  [355/1000] In a standard deck of cards, how many Kings have a moustache...
2026-05-03 18:03:13,956  INFO  [356/1000] According to the film Gremlins, if you are looking after a G...
2026-05-03 18:03:14,430  INFO  [357/1000] The Canary Islands are named after what animal?...
2026-05-03 18:03:15,191  INFO  [358/1000] In which capital city would you find Charles Bridge and Wenc...
2026-05-03 18:03:15,726  INFO  [359/1000] What was the surname of the woman who was the inspiration be...
2026-05-03 18:03:17,935  INFO  [360/1000] What is the final event in a decathlon?...
2026-05-03 18:03:18,728  INFO  [361/1000] Peter Simple, Jack Horner and Ben Nevis have all won which f...
2026-05-03 18:03:19,208  INFO  [362/1000] What is the largest city in Turkey?...
2026-05-03 18:03:19,622  INFO  [363/1000] Who bought Chelsea football club for £1 in 1982?...
2026-05-03 18:03:20,554  INFO  [364/1000] In 1998, which director's Oscar acceptance speech included t...
2026-05-03 18:03:21,010  INFO  [365/1000] What nationality was the painter Vincent Van Gogh?...
2026-05-03 18:03:21,419  INFO  [366/1000] Which film features the characters Sally Albright and Harry ...
2026-05-03 18:03:22,154  INFO  [367/1000] Which act won the Eurovision Song Contest for the United Kin...
2026-05-03 18:03:24,400  INFO  [368/1000] Which English word comes from an old French word meaning sou...
2026-05-03 18:03:25,443  INFO  [369/1000] Which team beat American Samoa 31-0 in a qualifying match fo...
2026-05-03 18:03:25,862  INFO  [370/1000] What was the name of Roland Rat's gerbil friend?...
2026-05-03 18:03:26,673  INFO  [371/1000] Which animal has the longest gestation period at around 22 m...
2026-05-03 18:03:27,544  INFO  [372/1000] What name is given to the home of a beaver?...
2026-05-03 18:03:28,087  INFO  [373/1000] What name is given to a baby marsupial?...
2026-05-03 18:03:28,534  INFO  [374/1000] Who dated actress Elizabeth Hurley between 2000 and 2001 and...
2026-05-03 18:03:29,036  INFO  [375/1000] What type of animal is the star of the 2005 film Racing Stri...
2026-05-03 18:03:29,543  INFO  [376/1000] Author Dick Francis is famous for writing novels based aroun...
2026-05-03 18:03:29,989  INFO  [377/1000] Which Scottish newspaper features the Broons and Oor Wullie?...
2026-05-03 18:03:30,467  INFO  [378/1000] Which famous book features the character of Bob Cratchit?...
2026-05-03 18:03:31,121  INFO  [379/1000] Which act has had more Christmas number one singles than any...
2026-05-03 18:03:31,560  INFO  [380/1000] Which Christmas song includes the line It seems so long sinc...
2026-05-03 18:03:32,208  INFO  [381/1000] Which British footballer has the most number of Internationa...
2026-05-03 18:03:34,373  INFO  [382/1000] Who holds a trumpet on the album cover of Sgt. Pepper's Lone...
2026-05-03 18:03:34,901  INFO  [383/1000] Which song begins with the line The taxman's taken all my do...
2026-05-03 18:03:35,661  INFO  [384/1000] The Kray twins were convicted of the murder of George Cornel...
2026-05-03 18:03:37,692  INFO  [385/1000] Who composed the musical theme for the Pink Panther?...
2026-05-03 18:03:38,194  INFO  [386/1000] Who was the cartoon adversary of Pixie and Dixie, who would ...
2026-05-03 18:03:40,347  INFO  [387/1000] Which actress married Dennis Quaid on Valentine's Day in 199...
2026-05-03 18:03:40,828  INFO  [388/1000] During Margaret Thatcher's years as Prime Minister, there we...
2026-05-03 18:03:41,541  INFO  [389/1000] Buddy Holly and the Big Bopper were two of the three musicia...
2026-05-03 18:03:42,110  INFO  [390/1000] Fruit, cricket and horseshoe are varieties of what type of a...
2026-05-03 18:03:42,522  INFO  [391/1000] Apart from being warm blooded and giving birth to live young...
2026-05-03 18:03:42,960  INFO  [392/1000] To which poet does Il Postino deliver mail?...
2026-05-03 18:03:43,445  INFO  [393/1000] Which scientist was Time magazine's "Person of the 20th Cent...
2026-05-03 18:03:43,898  INFO  [394/1000] What was the nickname given to premiership footballer Neil R...
2026-05-03 18:03:46,141  INFO  [395/1000] The Ducati is manufactured in which city and what country?...
2026-05-03 18:03:48,307  INFO  [396/1000] Wayne Rooney signed for Manchester United from which other P...
2026-05-03 18:03:49,282  INFO  [397/1000] The Yalu river forms a sort of natural border between China ...
2026-05-03 18:03:50,413  INFO  [398/1000] Which stand-up comedian presents 8 Out Of 10 Cats and Distra...
2026-05-03 18:03:52,335  INFO  [399/1000] Name the game show, presented by Leslie Grantham and Melinda...
2026-05-03 18:03:53,770  INFO  [400/1000] Who presented Family Fortunes in the two years between Bob M...
2026-05-03 18:03:54,286  INFO  [401/1000] For what did Einstien gat Nobel prize in Physics?...
2026-05-03 18:03:55,930  INFO  [402/1000] Which planet has moons named after Shakespearean characters?...
2026-05-03 18:03:56,656  INFO  [403/1000] Who was part man, part machine, all cop and hailed from a fu...
2026-05-03 18:03:57,174  INFO  [404/1000] Who dubbed Miss Piggy's singing voice in The Muppet Movie?...
2026-05-03 18:03:57,889  INFO  [405/1000] Who wrote the Bourne trilogy of books, made into movies star...
2026-05-03 18:03:58,340  INFO  [406/1000] The Bible tells of 3 wise men visiting Jesus after his birth...
2026-05-03 18:03:58,755  INFO  [407/1000] Athos and Porthos are two of the 3 musketeers, name the othe...
2026-05-03 18:03:59,302  INFO  [408/1000] What is the name of the small fifth claw called on the side ...
2026-05-03 18:04:01,436  INFO  [409/1000] What is the name of the plastic bit on the end of shoelaces?...
2026-05-03 18:04:01,892  INFO  [410/1000] The river Danube flows into which sea?...
2026-05-03 18:04:02,581  INFO  [411/1000] Anna Nicole Smith was controversially married to which oil b...
2026-05-03 18:04:04,761  INFO  [412/1000] Wayne Rooney scored his first senior goal against which club...
2026-05-03 18:04:05,981  INFO  [413/1000] How meny times have Liverpool won the Europion Cup?...
2026-05-03 18:04:06,462  INFO  [414/1000] The Sign Of Four was a detective story written by which auth...
2026-05-03 18:04:06,956  INFO  [415/1000] Who was the author of 'The Old Curiosity Shop'?...
2026-05-03 18:04:07,410  INFO  [416/1000] In which sport or pastime can you see nose walking?...
2026-05-03 18:04:09,631  INFO  [417/1000] What sport or pastime would you be playing if your balls wer...
2026-05-03 18:04:10,072  INFO  [418/1000] The age of the railway began in which year with the introduc...
2026-05-03 18:04:10,624  INFO  [419/1000] Who played Frankenstein in the 1994 film of the same name?...
2026-05-03 18:04:11,602  INFO  [420/1000] Who was the first person to sell one million records?...
2026-05-03 18:04:12,088  INFO  [421/1000] In Greek mythology, where do righteous souls go after death?...
2026-05-03 18:04:12,569  INFO  [422/1000] What is the scientific name given to tea?...
2026-05-03 18:04:13,173  INFO  [423/1000] In the 1999 film Stuart Little, who plays the part of Mrs El...
2026-05-03 18:04:14,395  INFO  [424/1000] Suger Mice was a 1987 single for which British rock band?...
2026-05-03 18:04:14,801  INFO  [425/1000] In which decade were ZIP codes introduced in the USA?...
2026-05-03 18:04:15,418  INFO  [426/1000] What are the shape-shifting foxes of the Japanese folklore?...
2026-05-03 18:04:15,861  INFO  [427/1000] In Greek mythology who was the twin of Polydeuces?...
2026-05-03 18:04:16,306  INFO  [428/1000] Which film features the Dawes Tomes Mousley Grubbs Fidelity ...
2026-05-03 18:04:17,693  INFO  [429/1000] What is Robin Williams character called in Good Morning Viet...
2026-05-03 18:04:19,864  INFO  [430/1000] Who plays Cruella de Vil in the 1996 live action version of ...
2026-05-03 18:04:21,145  INFO  [431/1000] Who stars in the 2008 movie Seven Pounds?...
2026-05-03 18:04:22,017  INFO  [432/1000] Marilyn Monroe starred in the Seven Year Itch. Who directed ...
2026-05-03 18:04:22,609  INFO  [433/1000] On Red Nose Day 2001 who won Celebrity Big Brother?...
2026-05-03 18:04:24,768  INFO  [434/1000] What is the name of the London Underground station in EastEn...
2026-05-03 18:04:25,378  INFO  [435/1000] How many runs did Donald Bradman score in his last ever test...
2026-05-03 18:04:25,920  INFO  [436/1000] Nicknamed the cannibal, who is the only rider to have won al...
2026-05-03 18:04:28,116  INFO  [437/1000] Whose arch nemisis is the Red Skull?...
2026-05-03 18:04:28,860  INFO  [438/1000] By what name is comic book villain Oswald Chesterfield Cobbl...
2026-05-03 18:04:29,310  INFO  [439/1000] First appearing on TV in 1967, which detective solved all of...
2026-05-03 18:04:31,456  INFO  [440/1000] How many times was Wyatt Earp shot?...
2026-05-03 18:04:31,967  INFO  [441/1000] Which famous cowboy was created by George W. Trendle?...
2026-05-03 18:04:33,906  INFO  [442/1000] The pub with the longest name in the UK has how many letters...
2026-05-03 18:04:34,386  INFO  [443/1000] Which movie starred Michael Caine as a murderous transvestit...
2026-05-03 18:04:35,048  INFO  [444/1000] In 1961, who famously scored six goals in a match but still ...
2026-05-03 18:04:35,522  INFO  [445/1000] Which economist wrote The Wealth Of Nations?...
2026-05-03 18:04:36,135  INFO  [446/1000] Macbeth belonged to which royal house or dynasty?...
2026-05-03 18:04:36,857  INFO  [447/1000] Was James II known as: James The Bald, Fiery Face, or The Re...
2026-05-03 18:04:37,508  INFO  [448/1000] In Harry Potter And The Goblet Of Fire, which dragon did Har...
2026-05-03 18:04:39,673  INFO  [449/1000] What is the full name of the train robber played by Phil Col...
2026-05-03 18:04:41,859  INFO  [450/1000] Tony Hadley was the lead singer with which 1980s new romanti...
2026-05-03 18:04:42,264  INFO  [451/1000] What was the surname of the butler played by Gordon Jackson ...
2026-05-03 18:04:42,712  INFO  [452/1000] Which Jackson appeared in Celebrity Big Brother in January 2...
2026-05-03 18:04:43,165  INFO  [453/1000] Who was the seventh president of the United States?...
2026-05-03 18:04:43,612  INFO  [454/1000] In which country are the Angel Falls, the highest waterfall ...
2026-05-03 18:04:44,024  INFO  [455/1000] The 1955 comedy movie We're No Angels centred on three escap...
2026-05-03 18:04:45,119  INFO  [456/1000] Who played King Arthur in the 1967 musical film Camelot?...
2026-05-03 18:04:46,052  INFO  [457/1000] Which country grows the largest number of mangoes?...
2026-05-03 18:04:46,458  INFO  [458/1000] Ecuador has a border with Peru and which other country ?...
2026-05-03 18:04:46,866  INFO  [459/1000] In 2009, who was convicted of the murder of Lana Clarkson?...
2026-05-03 18:04:49,018  INFO  [460/1000] The left side of the heart pumps blood to all parts of the b...
2026-05-03 18:04:50,214  INFO  [461/1000] Which cartoon character lives in a pineapple under the sea?...
2026-05-03 18:04:51,598  INFO  [462/1000] Which serial killer hanged himself in Wakefield Prison in Ja...
2026-05-03 18:04:52,035  INFO  [463/1000] What public school did the Duke of Edinburgh and Prince Char...
2026-05-03 18:04:52,768  INFO  [464/1000] If it was Phil Mickelson in 2006, Zach Johnson in 2007, and ...
2026-05-03 18:04:53,279  INFO  [465/1000] Red Stripe lager comes from which country?...
2026-05-03 18:04:53,927  INFO  [466/1000] Which architect was known as the Wizard of the Dome?...
2026-05-03 18:04:54,595  INFO  [467/1000] What is the name of the Salvador Dali painting that shows cl...
2026-05-03 18:04:55,164  INFO  [468/1000] In what year did Edward Vlll abdicate?...
2026-05-03 18:04:55,733  INFO  [469/1000] Which well known couple live at Bagshot Park in Surrey?...
2026-05-03 18:04:56,211  INFO  [470/1000] Which notorious murderer lived at 10 Rillington Place?...
2026-05-03 18:04:58,471  INFO  [471/1000] Who killed Lee harvey Oswald?...
2026-05-03 18:04:59,064  INFO  [472/1000] Who killed Robert F Kennedy?...
2026-05-03 18:05:00,172  INFO  [473/1000] Who killed Jean Paul Marat?...
2026-05-03 18:05:02,644  INFO  [474/1000] What was the name of the kangaroo often mistaken by Sylveste...
2026-05-03 18:05:05,084  INFO  [475/1000] Gjetost is the national cheese of which country?...
2026-05-03 18:05:05,545  INFO  [476/1000] A youngberry is a cross between a dewberry and what else?...
2026-05-03 18:05:08,213  INFO  [477/1000] Who is Arthur Wellesley better known as?...
2026-05-03 18:05:09,115  INFO  [478/1000] Which town in East Sussex now stands on the site of the batt...
2026-05-03 18:05:09,732  INFO  [479/1000] Which 1986 Peter Weir movie and based on a Paul Theroux nove...
2026-05-03 18:05:10,561  INFO  [480/1000] What is the name of CS Lewis' 7 book fantasy?...
2026-05-03 18:05:11,157  INFO  [481/1000] Name the tv series about FBI agent Don Eppes and his mathema...
2026-05-03 18:05:11,671  INFO  [482/1000] All children except one grow up....
2026-05-03 18:05:13,385  INFO  [483/1000] Scarlett O'Hara was not beautiful, but men seldom realised i...
2026-05-03 18:05:14,077  INFO  [484/1000] Which horse racing jockey was sometimes referred to as the l...
2026-05-03 18:05:15,089  INFO  [485/1000] Who is the patron saint of lost causes?...
2026-05-03 18:05:15,867  INFO  [486/1000] True or False: Sharks do not blink?...
2026-05-03 18:05:18,037  INFO  [487/1000] Which `B` was the name of the mechanical shark used in the o...
2026-05-03 18:05:19,009  INFO  [488/1000] The American legal drama Shark ran from Sept 06 to May 08. W...
2026-05-03 18:05:19,603  INFO  [489/1000] Which Italian fashion designer was shot dead on the steps of...
2026-05-03 18:05:20,131  INFO  [490/1000] Who was famous for popularising the 'little black dress' in ...
2026-05-03 18:05:22,565  INFO  [491/1000] Who designed Madonna's wedding dress for her marriage to Guy...
2026-05-03 18:05:23,681  INFO  [492/1000] Meryl Streep's character, Miranda, in the 2006 film The Devi...
2026-05-03 18:05:24,186  INFO  [493/1000] In the TV show Camberwick Green, who lived in Colly's Mill?...
2026-05-03 18:05:25,114  INFO  [494/1000] Which part of the human body produces insulin?...
2026-05-03 18:05:25,667  INFO  [495/1000] Who played Dr. Doug Ross on the TV show E.R.?...
2026-05-03 18:05:27,876  INFO  [496/1000] Who played the role of Kate Flax in the 1990 film Mermaids?...
2026-05-03 18:05:30,022  INFO  [497/1000] Who played the character Mrs. Merton on TV?...
2026-05-03 18:05:30,776  INFO  [498/1000] What nationality was three time Olympic gold medallist in fi...
2026-05-03 18:05:31,181  INFO  [499/1000] At which Winter Olympic host city would you find the Cresta ...
2026-05-03 18:05:31,601  INFO  [500/1000] What kind of an animal is a wireworm?...
2026-05-03 18:05:33,741  INFO  [501/1000] What are the flat treeless plains of Argentina called?...
2026-05-03 18:05:34,245  INFO  [502/1000] Which Canadian born  actress was the star in the movie Barb ...
2026-05-03 18:05:34,731  INFO  [503/1000] Which 2004 "puppet" movie, made by the makers of South Park,...
2026-05-03 18:05:35,568  INFO  [504/1000] Which river originates in the Taurus Mountains, and flows th...
2026-05-03 18:05:36,130  INFO  [505/1000] Following success at the 1979 election whose party conferenc...
2026-05-03 18:05:38,342  INFO  [506/1000] In the run up to the 1997 election, Tony Blair outlined his ...
2026-05-03 18:05:40,718  INFO  [507/1000] Which snooker player was simply known as 'The Grinder'?...
2026-05-03 18:05:41,281  INFO  [508/1000] Which former West Indian fast bowler was known as 'Whisperin...
2026-05-03 18:05:41,818  INFO  [509/1000] Which Eastenders character had a dog called Willy?...
2026-05-03 18:05:42,297  INFO  [510/1000] In which year did the first episode of Minder take place?...
2026-05-03 18:05:42,862  INFO  [511/1000] What was the name of the cat in Rising Damp?...
2026-05-03 18:05:43,562  INFO  [512/1000] Which comedy written by Johnny Speight which first aired in ...
2026-05-03 18:05:44,502  INFO  [513/1000] What was the name of the comedy written by Ray Galton, Alan ...
2026-05-03 18:05:45,378  INFO  [514/1000] Bonar Law is the only Prime Minister not born in the UK. In ...
2026-05-03 18:05:46,100  INFO  [515/1000] Who lives in the Hundred Acre Wood?...
2026-05-03 18:05:47,446  INFO  [516/1000] If you heard the catchphrase "They're great" what would expe...
2026-05-03 18:05:48,097  INFO  [517/1000] How many times was Boris Becker runner-up in the Men's Singl...
2026-05-03 18:05:48,647  INFO  [518/1000] How many times did Steffi Graf win the Ladies Singles at Wim...
2026-05-03 18:05:49,243  INFO  [519/1000] In which postcode area are the Wimbledon Championships held?...
2026-05-03 18:05:49,875  INFO  [520/1000] Who did Top of the Pops mistakenly portray in a Dexys Midnig...
2026-05-03 18:05:50,346  INFO  [521/1000] What story introduced the Cybermen?...
2026-05-03 18:05:51,424  INFO  [522/1000] Who played the tenth Doctor?...
2026-05-03 18:05:53,602  INFO  [523/1000] How many Rings of Power were there, in total?...
2026-05-03 18:05:54,119  INFO  [524/1000] Which common colour can also be known as heliotrope?...
2026-05-03 18:05:54,727  INFO  [525/1000] Which golf shot is the opposite of a slice?...
2026-05-03 18:05:57,263  INFO  [526/1000] Which actress left Eastenders for Hollywood only to flop as ...
2026-05-03 18:05:57,663  INFO  [527/1000] In Only Fools And Horses, Rodney Trotter shares his middle n...
2026-05-03 18:05:58,089  INFO  [528/1000] How were Dr Stantz, Dr Spengler and Dr Venkman better known ...
2026-05-03 18:05:59,110  INFO  [529/1000] General Charles de Gaulle was French President 1959 to 1969....
2026-05-03 18:06:00,071  INFO  [530/1000] When Mr Benn was looking for an adventure, what type of shop...
2026-05-03 18:06:00,920  INFO  [531/1000] What is the name of the enzyme usually added to milk to coag...
2026-05-03 18:06:01,891  INFO  [532/1000] Which cheese shares its name with a Guiness Premiership rugb...
2026-05-03 18:06:02,541  INFO  [533/1000] Where in London were the first escalators installed in 1898?...
2026-05-03 18:06:03,582  INFO  [534/1000] In what year was the first episode of Doctor Who broadcast? ...
2026-05-03 18:06:04,111  INFO  [535/1000] What is the name of the company that owned the spaceship Red...
2026-05-03 18:06:04,990  INFO  [536/1000] Which character has been played by Jack Lord, Cec Linder, Ri...
2026-05-03 18:06:05,694  INFO  [537/1000] Name the magician who first introduced us to Basil Brush....
2026-05-03 18:06:06,212  INFO  [538/1000] Who was the only Prime Minister of Britain to be assassinate...
2026-05-03 18:06:06,728  INFO  [539/1000] What is the name of the chain of islands in the southwestern...
2026-05-03 18:06:07,168  INFO  [540/1000] What was the name of the ferry that capsized after leaving Z...
2026-05-03 18:06:09,104  INFO  [541/1000] The Flying Pickets were a British vocal group who had Christ...
2026-05-03 18:06:09,836  INFO  [542/1000] In Risk, what colour is Europe?...
2026-05-03 18:06:10,421  INFO  [543/1000] Which British band named themselves after a South African fo...
2026-05-03 18:06:10,999  INFO  [544/1000] How many female P.Ms have there been?...
2026-05-03 18:06:11,395  INFO  [545/1000] Newspapers come is various sizes, broadsheet being the large...
2026-05-03 18:06:11,851  INFO  [546/1000] Which wedding anniversary is celebrated with paper...
2026-05-03 18:06:12,442  INFO  [547/1000] Which American female rap artist, film & television actress ...
2026-05-03 18:06:12,894  INFO  [548/1000] Who won the 2010 Giro D'Italia?...
2026-05-03 18:06:15,212  INFO  [549/1000] In the Commonwealth games in Delhi, which British athlete wo...
2026-05-03 18:06:15,928  INFO  [550/1000] Which singer picked up three Ivor Novello awards in May, inc...
2026-05-03 18:06:17,680  INFO  [551/1000] Which American singer was born Eleanora Fagan?...
2026-05-03 18:06:18,218  INFO  [552/1000] Which famous woman in history had a cottage in Shottery in W...
2026-05-03 18:06:18,771  INFO  [553/1000] Who sang the theme song for the TV show 'Rawhide'?...
2026-05-03 18:06:21,133  INFO  [554/1000] Which sea lies between Italy and the former Yugoslavia?...
2026-05-03 18:06:21,753  INFO  [555/1000] In which country is the region Dalmatia?...
2026-05-03 18:06:22,217  INFO  [556/1000] Who was known as the Great Lover of the Silent Screen?...
2026-05-03 18:06:22,913  INFO  [557/1000] Which actor plays Cate Blanchett's father in the 2004 film "...
2026-05-03 18:06:23,564  INFO  [558/1000] How is Frances Gumm the actress better known?...
2026-05-03 18:06:25,870  INFO  [559/1000] Who won the Best Actress Oscar for the 1988 film, The Accuse...
2026-05-03 18:06:26,359  INFO  [560/1000] Which  constellation contains many bright shining stars, suc...
2026-05-03 18:06:27,418  INFO  [561/1000] Which London river, now flowing underground, rises in Hampst...
2026-05-03 18:06:28,011  INFO  [562/1000] -Day in 1944 was the greatest sea-bourn invasion in history....
2026-05-03 18:06:28,582  INFO  [563/1000] On which island are the Cuillin Hills?...
2026-05-03 18:06:29,505  INFO  [564/1000] Which dancer has only one notable film cameo, appearing with...
2026-05-03 18:06:32,049  INFO  [565/1000] What was the first name of the character played by John Trav...
2026-05-03 18:06:32,963  INFO  [566/1000] In which 1969 movie did Michael Caine appear with his brothe...
2026-05-03 18:06:33,734  INFO  [567/1000] In 1969, a man was stabbed to death by a member of the Hell'...
2026-05-03 18:06:34,718  INFO  [568/1000] How long does it take, approximately, for light to travel fr...
2026-05-03 18:06:35,431  INFO  [569/1000] A Long Island Iced Tea is a cocktail based on vodka, gin, te...
2026-05-03 18:06:37,709  INFO  [570/1000] Anellini pasta is what type of shape?...
2026-05-03 18:06:38,427  INFO  [571/1000] A Cuba Libre is based on which spirit...
2026-05-03 18:06:38,865  INFO  [572/1000] Which company were responsible for the production of the Spi...
2026-05-03 18:06:39,664  INFO  [573/1000] The lyric Always sunny in a rich man's world', is from whic...
2026-05-03 18:06:40,733  INFO  [574/1000] Who won the men's singles title at Wimbledon in 1987?...
2026-05-03 18:06:41,335  INFO  [575/1000] Who made Victor Krum's wand?...
2026-05-03 18:06:42,225  INFO  [576/1000] What kind of creature is Firenze?...
2026-05-03 18:06:44,722  INFO  [577/1000] What building in Scotland is said to house the Holy Grail an...
2026-05-03 18:06:45,471  INFO  [578/1000] In which sitcom did Penelope Wilton play the wife of Richard...
2026-05-03 18:06:46,011  INFO  [579/1000] Who plays the role of Bubble in Absolutely Fabulous?...
2026-05-03 18:06:48,263  INFO  [580/1000] Which cockney private detective, co-created by Terry Venable...
2026-05-03 18:06:48,851  INFO  [581/1000] Who in 1975 became the first black man to win a Wimbledon si...
2026-05-03 18:06:49,489  INFO  [582/1000] Which South African fast bowler had the nickname White Light...
2026-05-03 18:06:49,996  INFO  [583/1000] In 1953, Edmund Hillary was half of the famous pair to first...
2026-05-03 18:06:50,603  INFO  [584/1000] Another name for the Holy Wars between the  Christian states...
2026-05-03 18:06:51,263  INFO  [585/1000] 1986 film starring Goldie Hawn as a High School football coa...
2026-05-03 18:06:51,807  INFO  [586/1000] Who was the 16th president of the U.S.A.,assasinated in 1865...
2026-05-03 18:06:52,233  INFO  [587/1000] Which Italian explorer had ships named Nina, Pinta and Santa...
2026-05-03 18:06:52,847  INFO  [588/1000] Who had chart hits which included Annie`s Song and Rocky Mou...
2026-05-03 18:06:56,264  INFO  [589/1000] Which cartoon series featured the characters Lion-o, Cheeter...
2026-05-03 18:06:56,876  INFO  [590/1000] Who was the leader of the gang whose members included Benny ...
2026-05-03 18:06:57,688  INFO  [591/1000] Which famous resident resides at Highgrove House?...
2026-05-03 18:06:58,279  INFO  [592/1000] What is the currency of India?...
2026-05-03 18:06:58,902  INFO  [593/1000] How many avenues radiate from the Arc de Triomphe?...
2026-05-03 18:06:59,354  INFO  [594/1000] In which country is Dubrovnik?...
2026-05-03 18:06:59,793  INFO  [595/1000] The Dakar Rally (previously known as the Paris Dakar rally) ...
2026-05-03 18:07:00,308  INFO  [596/1000] The Miller Brewing Company got its start in what U.S. city?...
2026-05-03 18:07:00,813  INFO  [597/1000] Who did Simple Simon meet on his way to the fair?...
2026-05-03 18:07:02,037  INFO  [598/1000] Which cartoon strip character first appeared in The Beano in...
2026-05-03 18:07:04,966  INFO  [599/1000] The Asian Tsunami or Boxing day tsunami that hit Thailand, I...
2026-05-03 18:07:06,107  INFO  [600/1000] Following that year's April Budget, Alderman Sir Cuthbert Ac...
2026-05-03 18:07:08,280  INFO  [601/1000] Produced between 1970 and 1974, what is a Bond Bug?...
2026-05-03 18:07:09,097  INFO  [602/1000] What was Jacques Cousteau's mobile oceonagraphic laboratory....
2026-05-03 18:07:09,712  INFO  [603/1000] What is the name of the helicopter used to transport the Pre...
2026-05-03 18:07:10,810  INFO  [604/1000] Which queen consort of England is associated with Hever Cast...
2026-05-03 18:07:11,520  INFO  [605/1000] What was the capital of the United States between 1785 and 1...
2026-05-03 18:07:12,058  INFO  [606/1000] Which country does the drink Cinzano come from?...
2026-05-03 18:07:12,648  INFO  [607/1000] Which fictional girls' boarding school was created by the ca...
2026-05-03 18:07:13,477  INFO  [608/1000] Who played the character Mr Chips in the 2002 TV adaptation ...
2026-05-03 18:07:15,059  INFO  [609/1000] Rarely is the question asked: Is our children learning?...
2026-05-03 18:07:17,735  INFO  [610/1000] Are you going to come quietly, or do I have to use earplugs?...
2026-05-03 18:07:20,724  INFO  [611/1000] Which shipping forecast area is directly north of German Big...
2026-05-03 18:07:21,132  INFO  [612/1000] By what name did Samuel Langhorne Clemens publish his novels...
2026-05-03 18:07:21,635  INFO  [613/1000] Who wrote the novel Rasselas in a single week in 1759 to pay...
2026-05-03 18:07:23,046  INFO  [614/1000] Who painted Girl with a Pearl Earring?...
2026-05-03 18:07:23,534  INFO  [615/1000] What is 1009 when expressed as Roman Numerals?...
2026-05-03 18:07:24,397  INFO  [616/1000] Who had hits with Go Now and Nights in White Satin?...
2026-05-03 18:07:26,225  INFO  [617/1000] Which statesman was known as the Iron Chancellor?...
2026-05-03 18:07:26,873  INFO  [618/1000] What was left in Pandora's Box after all the evil escaped?...
2026-05-03 18:07:27,431  INFO  [619/1000] What type of bird was the first released by Noah?...
2026-05-03 18:07:27,954  INFO  [620/1000] What is the state capital of Florida?...
2026-05-03 18:07:28,486  INFO  [621/1000] Who was sacked as the Beatles' drummer and replaced by Ringo...
2026-05-03 18:07:29,445  INFO  [622/1000] In which is Shakespeare's plays are the title character's la...
2026-05-03 18:07:29,903  INFO  [623/1000] Tsar Nicholas I abidacated in 1917, who was the other monarc...
2026-05-03 18:07:30,358  INFO  [624/1000] Which Roman Emperor was allegedy killed by his wife, Aggripi...
2026-05-03 18:07:30,822  INFO  [625/1000] Whose last words were Et Tu Brute according to Shakespeare?...
2026-05-03 18:07:31,401  INFO  [626/1000] Mel Gibson (1990) and Kenneth Branagh (1996) have both playe...
2026-05-03 18:07:33,998  INFO  [627/1000] The original United Artists film studio was founded in 1919 ...
2026-05-03 18:07:34,759  INFO  [628/1000] Which Holiday movie favourite featured a character called Ke...
2026-05-03 18:07:35,226  INFO  [629/1000] Who was the author of Pygmalion'?...
2026-05-03 18:07:35,718  INFO  [630/1000] Who was the third President of the USA, following on from Ge...
2026-05-03 18:07:36,167  INFO  [631/1000] What is the minimum age of someone running for the office of...
2026-05-03 18:07:36,705  INFO  [632/1000] England won the 1966 World Cup beating Germany 4-2. Hurst sc...
2026-05-03 18:07:37,194  INFO  [633/1000] From which 1960s sci-fi movie did 1980s pop sensation Duran ...
2026-05-03 18:07:37,833  INFO  [634/1000] What year did E.T. Hit the cinema screen?...
2026-05-03 18:07:38,406  INFO  [635/1000] The Red Sea is connected to the Indian Ocean by which gulf ?...
2026-05-03 18:07:39,380  INFO  [636/1000] The Red Setter is more properly known by which name?...
2026-05-03 18:07:41,564  INFO  [637/1000] What was the name of the World War I fighter ace nicknamed t...
2026-05-03 18:07:42,054  INFO  [638/1000] What is the capital of the U.S. state of Connecticut?...
2026-05-03 18:07:42,462  INFO  [639/1000] What was founded by Ferdinand II of Aragon and Isabella I of...
2026-05-03 18:07:42,958  INFO  [640/1000] In golf, what name is given to a score of three under par on...
2026-05-03 18:07:43,616  INFO  [641/1000] In dentistry, what is the name given to hardened dental plaq...
2026-05-03 18:07:44,240  INFO  [642/1000] Which singer played the Goblin King Jareth in the film Laby...
2026-05-03 18:07:44,696  INFO  [643/1000] Who played Aunty Entity' in the film 'Mad Max Beyond the Th...
2026-05-03 18:07:45,813  INFO  [644/1000] Name the fantasy movie directed by Terry Gilliam, where 6 dw...
2026-05-03 18:07:46,285  INFO  [645/1000] Which TV comedy had characters McLaren, Blanco & Warren...
2026-05-03 18:07:46,791  INFO  [646/1000] In which TV series would you find an Eagle Transporter...
2026-05-03 18:07:47,671  INFO  [647/1000] Which jazz saxophonist was nicknamed Bird...
2026-05-03 18:07:48,069  INFO  [648/1000] Which patriotic Irving Berlin song includes the line  From t...
2026-05-03 18:07:48,572  INFO  [649/1000] Who created the Miss World pageant?...
2026-05-03 18:07:50,681  INFO  [650/1000] In Egyptian myth who was the God of chaos and disorder?...
2026-05-03 18:07:51,441  INFO  [651/1000] What type of creature is a Painted Dragon?...
2026-05-03 18:07:52,116  INFO  [652/1000] Which method of painting consists of applying pigment to wet...
2026-05-03 18:07:52,586  INFO  [653/1000] Who is credited with the discovery of the tomb of King Tutan...
2026-05-03 18:07:53,700  INFO  [654/1000] The King of Wishful Thinking was a hit song used during the ...
2026-05-03 18:07:54,426  INFO  [655/1000] What dish, especially popular in parts of Wales and the Engl...
2026-05-03 18:07:54,990  INFO  [656/1000] What was the name of Shari Lewis' sassy sock puppet?...
2026-05-03 18:07:57,164  INFO  [657/1000] Captain Corelli's mandolin is a book a film set in which cou...
2026-05-03 18:07:57,573  INFO  [658/1000] The Bull is the village pub in an everyday tale of country f...
2026-05-03 18:07:58,115  INFO  [659/1000] What is the second biggest city in the UK?...
2026-05-03 18:07:58,508  INFO  [660/1000] Who was the second wife of Henry VIII?...
2026-05-03 18:07:59,014  INFO  [661/1000] Which actor does the interviewing in 'Interview with a Vampi...
2026-05-03 18:08:01,141  INFO  [662/1000] What is the southernmost city in USA...
2026-05-03 18:08:01,638  INFO  [663/1000] In Vladimir Nabokov's book "Lolita", what is Lolita's real n...
2026-05-03 18:08:02,519  INFO  [664/1000] Which Shakespeare play tells the story of Prospero, the righ...
2026-05-03 18:08:03,390  INFO  [665/1000] Which RAF fighter-bomber was built by the Panavia partnershi...
2026-05-03 18:08:03,934  INFO  [666/1000] What was the name of the sixth studio album released by Prin...
2026-05-03 18:08:04,404  INFO  [667/1000] The undersurface of a person's foot or of a shoe?...
2026-05-03 18:08:06,718  INFO  [668/1000] In which film series would you expect to film Katniss Everde...
2026-05-03 18:08:07,246  INFO  [669/1000] "Rodney you plonka" and "This time next year we'll be millio...
2026-05-03 18:08:07,779  INFO  [670/1000] What did my true love bring to me on the Sixth Day of Christ...
2026-05-03 18:08:08,392  INFO  [671/1000] Louis Smith won an individual silver medal in gymnastics at ...
2026-05-03 18:08:09,040  INFO  [672/1000] What animal did Reggie Perrin think of every time his Mother...
2026-05-03 18:08:11,218  INFO  [673/1000] Which former prime minister appeared on the Morecambe and Wi...
2026-05-03 18:08:11,709  INFO  [674/1000] Where does the infamous "Streif" downhill ski race take plac...
2026-05-03 18:08:12,555  INFO  [675/1000] What song was a hit for Tom Jones and Cerys Matthews in 1999...
2026-05-03 18:08:13,181  INFO  [676/1000] How many lines are there in a sonnet?...
2026-05-03 18:08:13,703  INFO  [677/1000] What is the American version of Strictly Come Dancing called...
2026-05-03 18:08:15,794  INFO  [678/1000] What is the lightest metal under standard conditions?...
2026-05-03 18:08:17,910  INFO  [679/1000] What artist designed the logo for Chupa Chups lollipops?...
2026-05-03 18:08:18,929  INFO  [680/1000] What is being built in the Olympic Park, that will be the wo...
2026-05-03 18:08:21,097  INFO  [681/1000] In the 'Jungle Book' what type of creature was 'Bagheera'?...
2026-05-03 18:08:21,618  INFO  [682/1000] What was the first Beatles film?...
2026-05-03 18:08:22,359  INFO  [683/1000] What was the name of the Liverpool nightclub where the Beatl...
2026-05-03 18:08:22,865  INFO  [684/1000] How many US states are prefixed by the word New?...
2026-05-03 18:08:23,332  INFO  [685/1000] Although he never won an Oscar for best director, one of Hit...
2026-05-03 18:08:23,804  INFO  [686/1000] In which New York borough would you find Hell’s Kitchen?...
2026-05-03 18:08:24,414  INFO  [687/1000] Which airline is nicknamed ‘The Flying Kangaroo’?...
2026-05-03 18:08:24,867  INFO  [688/1000] Which cartoon character had the maiden name ‘Slaghoople’?...
2026-05-03 18:08:25,348  INFO  [689/1000] ‘Think Different’ is an advertising slogan for which company...
2026-05-03 18:08:25,744  INFO  [690/1000] Which ‘A’ is a calculating frame with sliding balls on wires...
2026-05-03 18:08:26,384  INFO  [691/1000] The rowan tree is also known as the Mountain ‘what’?...
2026-05-03 18:08:26,787  INFO  [692/1000] Which ‘A’ means in the open air?...
2026-05-03 18:08:28,932  INFO  [693/1000] Buenos Aires is the capital of which South American country?...
2026-05-03 18:08:29,347  INFO  [694/1000] Apiculture is the raising and care of which creatures?...
2026-05-03 18:08:29,785  INFO  [695/1000] What is the capital of Indonesia?...
2026-05-03 18:08:30,181  INFO  [696/1000] Which vegetable was the first to be canned?...
2026-05-03 18:08:30,580  INFO  [697/1000] In computers, the X-Y Position Indicator for a Display Syste...
2026-05-03 18:08:30,974  INFO  [698/1000] The Khyber Pass is approximately how many miles long?...
2026-05-03 18:08:31,753  INFO  [699/1000] Which fruit did Nell Gwynn, mistress of King Charles II, sel...
2026-05-03 18:08:32,493  INFO  [700/1000] The town of Tobermory is on which Scottish island?...
2026-05-03 18:08:33,232  INFO  [701/1000] In the novel ‘Wuthering Heights’ by Emily Bronte, Catherine’...
2026-05-03 18:08:33,631  INFO  [702/1000] Which Asian country hosted its first Formula One Grand Prix ...
2026-05-03 18:08:34,026  INFO  [703/1000] In UK currency, how many sides does a twenty pence piece hav...
2026-05-03 18:08:34,497  INFO  [704/1000] In humans, otalgia, is the medical term for what?...
2026-05-03 18:08:35,140  INFO  [705/1000] British MP, Diane Abbott, learned to play which musical inst...
2026-05-03 18:08:35,536  INFO  [706/1000] Cristina Fernandez de Kirchner became President of which Sou...
2026-05-03 18:08:35,931  INFO  [707/1000] In Greek mythology, what was the name of the nymph who fell ...
2026-05-03 18:08:36,394  INFO  [708/1000] The Marquesas Islands lie in which ocean?...
2026-05-03 18:08:37,131  INFO  [709/1000] Keflavik is the main international airport of which country?...
2026-05-03 18:08:37,523  INFO  [710/1000] Which British artist’s works include ‘The First Real Target’...
2026-05-03 18:08:37,995  INFO  [711/1000] Which King of England sold Dunkirk to Louis XIV of France?...
2026-05-03 18:08:38,378  INFO  [712/1000] What was the middle name of US actor James Dean?...
2026-05-03 18:08:39,026  INFO  [713/1000] Which French author wrote the fairy tales ‘Little Red Riding...
2026-05-03 18:08:39,615  INFO  [714/1000] Author J.R.R. Tolkien was born in which country?...
2026-05-03 18:08:41,124  INFO  [715/1000] The pilgrim route to Santiago de Compostela in Northern Spai...
2026-05-03 18:08:41,713  INFO  [716/1000] Peter O’Sullevan was a BBC commentator for which sport?...
2026-05-03 18:08:43,894  INFO  [717/1000] Who was the first Hanover King of England?...
2026-05-03 18:08:44,494  INFO  [718/1000] Which group released an album in 1986 entitled ‘The Queen is...
2026-05-03 18:08:45,094  INFO  [719/1000] Which British Prime Minister said of Downing Street ‘One of ...
2026-05-03 18:08:45,660  INFO  [720/1000] Antigonus is a character in which Shakespeare play?...
2026-05-03 18:08:46,717  INFO  [721/1000] Which British monarch famously said ‘I don’t wish to open wi...
2026-05-03 18:08:47,160  INFO  [722/1000] Which bodily fluid is collected in a lachrymatory?...
2026-05-03 18:08:47,560  INFO  [723/1000] Which British singer played Jareth the Goblin King in the 19...
2026-05-03 18:08:47,995  INFO  [724/1000] Golfer Ernie Els was born in which country?...
2026-05-03 18:08:48,669  INFO  [725/1000] Aconcagua is the highest mountain in which mountain range?...
2026-05-03 18:08:49,136  INFO  [726/1000] The 1987 film ‘Cry Freedom’ is a biographical drama about wh...
2026-05-03 18:08:49,567  INFO  [727/1000] Which British actress played Valerie in the 1997 film ‘Nil B...
2026-05-03 18:08:50,072  INFO  [728/1000] What was the name of the Brazilian player who won the Women’...
2026-05-03 18:08:50,633  INFO  [729/1000] Apart from English, what is the official language of Canada?...
2026-05-03 18:08:51,031  INFO  [730/1000] What is the name of the steam locomotive which set the world...
2026-05-03 18:08:51,866  INFO  [731/1000] Singer and musician Bono called which venue ‘Rock and roll’s...
2026-05-03 18:08:52,340  INFO  [732/1000] What type of creature is a bufflehead?...
2026-05-03 18:08:53,018  INFO  [733/1000] The 1950’s Mau Mau uprising was against the British occupati...
2026-05-03 18:08:53,418  INFO  [734/1000] What is a positively charged ion called?...
2026-05-03 18:08:54,052  INFO  [735/1000] Which 5th/6th Century Buddhist monk is described in Chinese ...
2026-05-03 18:08:54,583  INFO  [736/1000] In which part of the human body is the limbic system?...
2026-05-03 18:08:55,261  INFO  [737/1000] Which year saw the only hijacking of a British commercial fl...
2026-05-03 18:08:55,802  INFO  [738/1000] What was the name of the Cunard ocean liner which was launch...
2026-05-03 18:08:56,239  INFO  [739/1000] Which European city had the world’s first birth control clin...
2026-05-03 18:08:56,759  INFO  [740/1000] In which James Bond film does actress Jane Seymour play Soli...
2026-05-03 18:08:57,393  INFO  [741/1000] What type of creature is a tanager?...
2026-05-03 18:08:58,248  INFO  [742/1000] In ‘Follow That Camel’, the fourteenth Carry On film, Sid Ja...
2026-05-03 18:08:58,712  INFO  [743/1000] A mahout is a person who works, tends and rides which animal...
2026-05-03 18:09:00,854  INFO  [744/1000] How many medals did the United States win at the 2010 Winter...
2026-05-03 18:09:01,411  INFO  [745/1000] ‘The Weeping Woman’ is the work of which artist?...
2026-05-03 18:09:01,848  INFO  [746/1000] The Koppen System is a classification system for what?...
2026-05-03 18:09:02,254  INFO  [747/1000] In humans, a hemispherectomy is the removal of half of the w...
2026-05-03 18:09:02,630  INFO  [748/1000] In Greek mythology, Tiresias disclosed the crimes of who?...
2026-05-03 18:09:03,903  INFO  [749/1000] The United Nations University is based in which Asian city?...
2026-05-03 18:09:04,386  INFO  [750/1000] What is the name of the iron hook which is attached to the p...
2026-05-03 18:09:05,270  INFO  [751/1000] Which English singer/songwriter/musician wrote the Tremeloes...
2026-05-03 18:09:05,763  INFO  [752/1000] Mearth was the name of the child of which US tv characters?...
2026-05-03 18:09:07,203  INFO  [753/1000] In which state of the US is it illegal to mis-pronounce the ...
2026-05-03 18:09:07,687  INFO  [754/1000] The Strawberry Museum in the town of Wepion is in which coun...
2026-05-03 18:09:08,326  INFO  [755/1000] The Hotel Matignon is the official residence of the Prime Mi...
2026-05-03 18:09:08,729  INFO  [756/1000] Which British politician became Member of Parliament for Epp...
2026-05-03 18:09:09,159  INFO  [757/1000] ‘The Crafty Cockney’ was the nickname of which British darts...
2026-05-03 18:09:10,569  INFO  [758/1000] Which famous jewellers makes the Super Bowl Trophy?...
2026-05-03 18:09:11,073  INFO  [759/1000] Bedloe’s Island in New York Harbour, is the former name of w...
2026-05-03 18:09:11,548  INFO  [760/1000] What is the name of the Jewish spring festival which celebra...
2026-05-03 18:09:11,980  INFO  [761/1000] Sadler’s Wells Ballet and the Vic-Wells Ballet were the prev...
2026-05-03 18:09:13,097  INFO  [762/1000] The roller coaster ride called Rita is located at which Engl...
2026-05-03 18:09:13,590  INFO  [763/1000] Which is the first written single word number in which the l...
2026-05-03 18:09:14,026  INFO  [764/1000] In which year did Margaret Thatcher become British Prime Min...
2026-05-03 18:09:14,565  INFO  [765/1000] In January 1957, Russell Endean became the first batsman to ...
2026-05-03 18:09:15,133  INFO  [766/1000] What type of animal is a dik-dik?...
2026-05-03 18:09:15,807  INFO  [767/1000] Isoprene, Butyl and Nitrile are all types of which substance...
2026-05-03 18:09:16,280  INFO  [768/1000] Taka is the basic monetary unit of which country?...
2026-05-03 18:09:18,407  INFO  [769/1000] Who does Emilio Estevez play in the 1988 film ‘Young Guns’?...
2026-05-03 18:09:19,521  INFO  [770/1000] Which Mediterranean island gained independence in 1959 under...
2026-05-03 18:09:19,958  INFO  [771/1000] In medicine, chromotopsia is the term for abnormally coloure...
2026-05-03 18:09:20,381  INFO  [772/1000] Wanlockhead is the highest village in which European country...
2026-05-03 18:09:20,781  INFO  [773/1000] Which European country hosted the 1956 Winter Olympic Games?...
2026-05-03 18:09:21,112  INFO  [774/1000] ‘Lofsongur’ is the national anthem of which country?...
2026-05-03 18:09:21,515  INFO  [775/1000] In Roman mythology, what was the name of the brother slain b...
2026-05-03 18:09:21,956  INFO  [776/1000] In 1951, which European country saw the abdication of King L...
2026-05-03 18:09:22,419  INFO  [777/1000] In medicine the MMR vaccination gives protection against whi...
2026-05-03 18:09:24,544  INFO  [778/1000] A saluki is which type of animal?...
2026-05-03 18:09:26,700  INFO  [779/1000] What disease was Robert the Bruce, King of Scotland, said to...
2026-05-03 18:09:27,157  INFO  [780/1000] ‘Divine Wind’ is the English translation of which Japanese w...
2026-05-03 18:09:28,171  INFO  [781/1000] Which Flemish Baroque painter’s Antwerp home is now a museum...
2026-05-03 18:09:28,678  INFO  [782/1000] In medicine, epiphora affects which part of the human body?...
2026-05-03 18:09:29,111  INFO  [783/1000] What nationality was 19th Century author Hans Christian Ande...
2026-05-03 18:09:29,505  INFO  [784/1000] Umberto ll was the last king of which European country?...
2026-05-03 18:09:29,912  INFO  [785/1000] Which US singing duo started out under the names Caesar and ...
2026-05-03 18:09:30,419  INFO  [786/1000] Fidel Castro, former President of Cuba, ordered which board ...
2026-05-03 18:09:32,533  INFO  [787/1000] Which creature features on the label of a Bacardi rum bottle...
2026-05-03 18:09:33,048  INFO  [788/1000] According to the Bible, who was the only apostle to witness ...
2026-05-03 18:09:33,455  INFO  [789/1000] Who played the role of Caligula in the 1976 UK tv series ‘I,...
2026-05-03 18:09:34,664  INFO  [790/1000] What colour is the cross on the national flag of Denmark?...
2026-05-03 18:09:35,086  INFO  [791/1000] Who wrote the 1963 novel ‘The Spy Who Came in From the Cold’...
2026-05-03 18:09:36,153  INFO  [792/1000] Composite, Shield and Cinder Cone are all types of what?...
2026-05-03 18:09:36,632  INFO  [793/1000] Mouldwarp is an old name for which creature?...
2026-05-03 18:09:37,062  INFO  [794/1000] What is the name of Humphrey Bogart’s character in the film ...
2026-05-03 18:09:39,073  INFO  [795/1000] What is the US state capital of Louisiana?...
2026-05-03 18:09:39,693  INFO  [796/1000] What is the title of the 1996 Oscar-winning documentary abou...
2026-05-03 18:09:40,327  INFO  [797/1000] The Battle of Vimy Ridge took place in which country during ...
2026-05-03 18:09:40,735  INFO  [798/1000] What colour is ‘Mr Man’ Mr Strong’s hat?...
2026-05-03 18:09:41,202  INFO  [799/1000] What are the first names of art duo Proesch and Passmore?...
2026-05-03 18:09:42,019  INFO  [800/1000] What was is the name of Penelope Pitstop’s car in the childr...
2026-05-03 18:09:42,668  INFO  [801/1000] The Wang River is in which Asian country?...
2026-05-03 18:09:43,102  INFO  [802/1000] Which tennis player was known as the Rockhampton Rocket?...
2026-05-03 18:09:43,984  INFO  [803/1000] The ports of Puck and Jastarnia are in which European countr...
2026-05-03 18:09:44,389  INFO  [804/1000] Which famous racehorse won Australia’s Melbourne Cup in 1930...
2026-05-03 18:09:46,059  INFO  [805/1000] Amr Shabana from Egypt is famous for playing which sport?...
2026-05-03 18:09:48,170  INFO  [806/1000] How many pounds are in a UK (long) ton?...
2026-05-03 18:09:48,772  INFO  [807/1000] Cobweb is a fairy in which Shakespeare play?...
2026-05-03 18:09:49,828  INFO  [808/1000] Apimania is an obsession with which creatures?...
2026-05-03 18:09:50,469  INFO  [809/1000] In 1216, English monarch King John was said to have lost the...
2026-05-03 18:09:50,966  INFO  [810/1000] Which British playwright was killed with a hammer by his lov...
2026-05-03 18:09:51,486  INFO  [811/1000] What is the nickname of baseball star Jimmie Foxx?...
2026-05-03 18:09:53,611  INFO  [812/1000] The Free Officers Movement was composed of young junior army...
2026-05-03 18:09:54,703  INFO  [813/1000] In which year was the storming of the Bastille, which starte...
2026-05-03 18:09:55,272  INFO  [814/1000] Who was the first poet to be buried at Poet’s Corner in Lond...
2026-05-03 18:09:55,776  INFO  [815/1000] ‘The Night of the Long Knives’ refers to which leader elimin...
2026-05-03 18:09:56,208  INFO  [816/1000] Hans Holbein the Younger was court painter to which English ...
2026-05-03 18:09:56,647  INFO  [817/1000] Who was the illustrator for most of Roald Dahl’s stories for...
2026-05-03 18:09:57,228  INFO  [818/1000] The 1958 film ‘Gigi’ was based on the novel by which French ...
2026-05-03 18:09:57,811  INFO  [819/1000] ‘Back to Bedlam’ was the debut album for which British singe...
2026-05-03 18:09:58,257  INFO  [820/1000] Which US gangster was released from Alcatraz prison in Novem...
2026-05-03 18:09:59,619  INFO  [821/1000] The fictional characters William Dobbin and Rawdon Crawley a...
2026-05-03 18:10:00,400  INFO  [822/1000] Who does the commentary in the UK tv programme ‘Come Dine Wi...
2026-05-03 18:10:01,591  INFO  [823/1000] Hidrosis is the medical term for which bodily function?...
2026-05-03 18:10:02,026  INFO  [824/1000] The town of Honiton in Devon is famous for producing what?...
2026-05-03 18:10:04,168  INFO  [825/1000] Which two colours make up the national flag of Greenland?...
2026-05-03 18:10:04,685  INFO  [826/1000] Which national team beat Hungary 4-2 to win the 1938 FIFA Wo...
2026-05-03 18:10:05,102  INFO  [827/1000] Yellow-pine, Uinta and Lodgepole are all types of which anim...
2026-05-03 18:10:05,516  INFO  [828/1000] Who plays Daphne in the 2002 film ‘Scooby-Doo’?...
2026-05-03 18:10:07,626  INFO  [829/1000] The Euro is divided into how many cents?...
2026-05-03 18:10:08,196  INFO  [830/1000] In the NATO phonetic alphabet which word represents the lett...
2026-05-03 18:10:10,335  INFO  [831/1000] Which former RAF pilot wrote the novel ‘Airport’?...
2026-05-03 18:10:12,521  INFO  [832/1000] A creance is the name of the long fine cord used in which sp...
2026-05-03 18:10:13,007  INFO  [833/1000] In the UK tv series ‘Mr Bean’, what model car does Mr Bean d...
2026-05-03 18:10:13,588  INFO  [834/1000] Rodolfo and Mimi are the main characters in which opera by G...
2026-05-03 18:10:14,057  INFO  [835/1000] In which year did it become compulsory to wear seat belts in...
2026-05-03 18:10:14,597  INFO  [836/1000] Which country was invaded by Iraq in 1990?...
2026-05-03 18:10:15,036  INFO  [837/1000] The Oroville Dam is in which US state?...
2026-05-03 18:10:15,438  INFO  [838/1000] What was the name of the Prime Minister of Egypt who was ass...
2026-05-03 18:10:15,971  INFO  [839/1000] The OK Corral is in which US town?...
2026-05-03 18:10:16,472  INFO  [840/1000] In Greek mythology, Amphitrite, queen of the sea, was the wi...
2026-05-03 18:10:16,933  INFO  [841/1000] On which part of the body would a mukluk be worn?...
2026-05-03 18:10:17,337  INFO  [842/1000] Sandygate Road football and cricket stadium is in which Engl...
2026-05-03 18:10:19,454  INFO  [843/1000] How many hundredweight are in a UK ton?...
2026-05-03 18:10:19,995  INFO  [844/1000] Smoky, Leaf-nosed and Vesper are all species of which creatu...
2026-05-03 18:10:20,844  INFO  [845/1000] ‘Make Them Wait’ is rhyming slang for which Bingo number?...
2026-05-03 18:10:22,967  INFO  [846/1000] How many stars are on the national flag of Liberia?...
2026-05-03 18:10:23,472  INFO  [847/1000] What is the US state capital of Idaho?...
2026-05-03 18:10:23,837  INFO  [848/1000] In the children’s tv cartoon series, who is Inspector Gadget...
2026-05-03 18:10:24,758  INFO  [849/1000] Astrakhan is the curly hair of which young animal?...
2026-05-03 18:10:25,197  INFO  [850/1000] Nguyen Tan Dung became Prime Minister of which country in Ju...
2026-05-03 18:10:25,596  INFO  [851/1000] Boll weevil cause damage to which crop?...
2026-05-03 18:10:26,303  INFO  [852/1000] What type of creature is a Dog Face?...
2026-05-03 18:10:28,458  INFO  [853/1000] Which city hosted the 1992 Summer Olympic Games?...
2026-05-03 18:10:30,763  INFO  [854/1000] Steve Martin and which other actor hosted the 2010 Academy A...
2026-05-03 18:10:31,643  INFO  [855/1000] Which British monarch founded the Yeomen of the Guard, origi...
2026-05-03 18:10:32,131  INFO  [856/1000] Which member of the British royal family married on the 29th...
2026-05-03 18:10:32,575  INFO  [857/1000] Which Italian fashion designer launched the first virtual on...
2026-05-03 18:10:33,123  INFO  [858/1000] In Greek mythology, who was the first wife of Aegeus?...
2026-05-03 18:10:33,600  INFO  [859/1000] Which breed of dog is Marley in the 2008 film ‘Marley and Me...
2026-05-03 18:10:34,116  INFO  [860/1000] ‘Giovedi’ is the Italian word for which day of the week?...
2026-05-03 18:10:36,358  INFO  [861/1000] How many stars are on the national flag of New Zealand?...
2026-05-03 18:10:36,821  INFO  [862/1000] Scatology is the scientific study of what?...
2026-05-03 18:10:37,445  INFO  [863/1000] La Paz is the administrative capital of which South American...
2026-05-03 18:10:37,857  INFO  [864/1000] In the game of Bingo, ‘Get up and run’ represents which numb...
2026-05-03 18:10:38,346  INFO  [865/1000] In February 1938, Roberto M. Ortiz became President of which...
2026-05-03 18:10:38,757  INFO  [866/1000] Which poet wrote ‘The Lake Isle of Innisfree’?...
2026-05-03 18:10:39,284  INFO  [867/1000] In September 2006 the government of Prime Minister Thaksin S...
2026-05-03 18:10:39,699  INFO  [868/1000] Who wrote the 1930’s novel ‘Tender is the Night’?...
2026-05-03 18:10:41,095  INFO  [869/1000] Maria Fitzherbert was ‘married’ to which British monarch?...
2026-05-03 18:10:41,569  INFO  [870/1000] Amarelo is Portuguese for which colour?...
2026-05-03 18:10:41,978  INFO  [871/1000] On a standard dartboard, which number lies opposite number 4...
2026-05-03 18:10:42,459  INFO  [872/1000] Mount Chimborazo is in which South American country?...
2026-05-03 18:10:42,886  INFO  [873/1000] What is the basic monetary unit of Israel?...
2026-05-03 18:10:44,901  INFO  [874/1000] In which European country is Lake Ree?...
2026-05-03 18:10:45,465  INFO  [875/1000] Who wrote the poem ‘The Lady of the Lake’?...
2026-05-03 18:10:46,238  INFO  [876/1000] Henry Blake, Charles Winchester and Father Mulcahy are all c...
2026-05-03 18:10:46,746  INFO  [877/1000] ‘Obey your thirst’ is the advertising slogan for which soft ...
2026-05-03 18:10:49,136  INFO  [878/1000] Selenology is the scientific study of which celestial body?...
2026-05-03 18:10:49,552  INFO  [879/1000] ‘A crutch and a duck’ is the term for which bingo number?...
2026-05-03 18:10:50,042  INFO  [880/1000] Spud, Shot and Hand are all types of what?...
2026-05-03 18:10:52,210  INFO  [881/1000] In the game ‘Metal Gear Solid’,who is the twin brother of So...
2026-05-03 18:10:52,733  INFO  [882/1000] What did fictional detective Sherlock Holmes keep in the toe...
2026-05-03 18:10:53,371  INFO  [883/1000] Which creatures are used as croquet balls in the novel ‘Alic...
2026-05-03 18:10:55,338  INFO  [884/1000] Which Spanish artist painted the series known as ‘Fantasy an...
2026-05-03 18:10:55,810  INFO  [885/1000] ‘Mucke’ is the Serbo-Croatian name for which UK tv series?...
2026-05-03 18:10:56,819  INFO  [886/1000] Comedian, actor and director Melvin Kaminsky is better known...
2026-05-03 18:10:57,630  INFO  [887/1000] The Belgian beer ‘Kriek’ is flavoured with which fruit?...
2026-05-03 18:10:59,891  INFO  [888/1000] The Forest of Arden is in which English county?...
2026-05-03 18:11:00,443  INFO  [889/1000] Louis Reard created which two-piece item of clothing in 1946...
2026-05-03 18:11:00,921  INFO  [890/1000] What colour are the flowers of a hawkbit plant?...
2026-05-03 18:11:01,332  INFO  [891/1000] In which British city is the Jewry Wall Museum?...
2026-05-03 18:11:01,739  INFO  [892/1000] What is the main ingredient of borscht soup?...
2026-05-03 18:11:02,507  INFO  [893/1000] Thanatology is the scientific study of what?...
2026-05-03 18:11:02,984  INFO  [894/1000] Which author wrote ‘I came form Des Moines. Somebody had to....
2026-05-03 18:11:03,467  INFO  [895/1000] Which actor succeeded Marlon Brando as head of the Corleone ...
2026-05-03 18:11:03,939  INFO  [896/1000] Brown, American Rainbow and Cutthroat are all types of which...
2026-05-03 18:11:04,347  INFO  [897/1000] Who designed St Paul’s Cathedral in London?...
2026-05-03 18:11:05,209  INFO  [898/1000] What colour is the liqueur ‘Parfait d’Amour’?...
2026-05-03 18:11:07,481  INFO  [899/1000] What is the name of the clarified butter used in Indian cook...
2026-05-03 18:11:07,972  INFO  [900/1000] In the 2005 Julian Barnes novel ‘Arthur and George’, who is ...
2026-05-03 18:11:08,515  INFO  [901/1000] In humans, epicondylitis affects which part of the body?...
2026-05-03 18:11:08,961  INFO  [902/1000] The UEFA (Union of European Football Associations) was found...
2026-05-03 18:11:11,127  INFO  [903/1000] From which 1968 film did English band Duran Duran take their...
2026-05-03 18:11:11,544  INFO  [904/1000] The ‘La Scala Opera House’ is in which European city?...
2026-05-03 18:11:14,018  INFO  [905/1000] Who is the lead singer of the English band ‘The Specials’?...
2026-05-03 18:11:14,843  INFO  [906/1000] Elvis Presley’s manager, Andreas Cornelis van Kujik, was bet...
2026-05-03 18:11:17,025  INFO  [907/1000] The Transandine Railway runs between which two South America...
2026-05-03 18:11:19,245  INFO  [908/1000] Sinology is the study of the language, history and culture o...
2026-05-03 18:11:19,674  INFO  [909/1000] On the human body, a keloid is a type of what?...
2026-05-03 18:11:20,333  INFO  [910/1000] In the British military, a bombadier is equivalent to which ...
2026-05-03 18:11:21,200  INFO  [911/1000] What type of animal is Baloo in the novel ‘The Jungle Book’ ...
2026-05-03 18:11:21,754  INFO  [912/1000] Tirana is the capital of which European country?...
2026-05-03 18:11:22,166  INFO  [913/1000] In our solar system, which is the sixth planet from the sun?...
2026-05-03 18:11:22,505  INFO  [914/1000] Composer Giacomo Puccini died leaving which opera unfinished...
2026-05-03 18:11:22,983  INFO  [915/1000] King Louie, Akela and Ziggy are all characters in which Disn...
2026-05-03 18:11:23,470  INFO  [916/1000] ‘Impossible is nothing’ is the motto of which sportswear com...
2026-05-03 18:11:25,658  INFO  [917/1000] Who wrote the play ‘The Iceman Cometh’?...
2026-05-03 18:11:26,488  INFO  [918/1000] Which children’s playground game is sometimes called ‘Fivest...
2026-05-03 18:11:27,332  INFO  [919/1000] Mr and Mrs Potato Head appear in which film franchise?...
2026-05-03 18:11:28,313  INFO  [920/1000] How many square stickers are on each face of a classic Rubik...
2026-05-03 18:11:28,811  INFO  [921/1000] Who composed the ballet ‘Swan Lake’?...
2026-05-03 18:11:29,327  INFO  [922/1000] In 1818, British obstetrician James Blundell performed the f...
2026-05-03 18:11:29,802  INFO  [923/1000] In cooking, 190 degrees Celsius is the equivalent to which G...
2026-05-03 18:11:30,325  INFO  [924/1000] What do the interior angles of a hexagon add up to in degree...
2026-05-03 18:11:30,888  INFO  [925/1000] The roe of lumpfish is used as a substitute for which delica...
2026-05-03 18:11:31,798  INFO  [926/1000] In Vermont, USA, there is an old law stating that it is ille...
2026-05-03 18:11:34,034  INFO  [927/1000] In medicine, algology is the study of what?...
2026-05-03 18:11:34,697  INFO  [928/1000] How many imperial gallons are in a firkin?...
2026-05-03 18:11:35,251  INFO  [929/1000] The meibomian gland is found in which part of the human body...
2026-05-03 18:11:36,054  INFO  [930/1000] The Manuel M.Torres Dam is the largest hydro plant in which ...
2026-05-03 18:11:36,465  INFO  [931/1000] Which British swimmer won Olympic Gold Medals in 2008 in the...
2026-05-03 18:11:36,910  INFO  [932/1000] In the NATO phonetic alphabet, which word represents the let...
2026-05-03 18:11:37,413  INFO  [933/1000] Which US author wrote ‘The Naked and the Dead’, based on his...
2026-05-03 18:11:37,919  INFO  [934/1000] Which Brooklyn-born author had parents named Malachy and Ang...
2026-05-03 18:11:38,397  INFO  [935/1000] What is the title of the 1944 film starring Barbara Stanwyck...
2026-05-03 18:11:39,033  INFO  [936/1000] What is the nickname of Thierry Guetta, the French-born stre...
2026-05-03 18:11:41,205  INFO  [937/1000] Wolf Mankowitz wrote the 1953 novel ‘A Kid For Two….’what’?...
2026-05-03 18:11:42,682  INFO  [938/1000] What is the name of a triangle which has sides unequal in le...
2026-05-03 18:11:43,569  INFO  [939/1000] ‘Quicksilver’ is another name for which metallic element?...
2026-05-03 18:11:43,995  INFO  [940/1000] What is the name of the Japanese dish of bite-sized pieces o...
2026-05-03 18:11:44,445  INFO  [941/1000] Who is recognised as Britain’s first Prime Minister?...
2026-05-03 18:11:44,998  INFO  [942/1000] In the human body, which bone connects the humerus with the ...
2026-05-03 18:11:45,551  INFO  [943/1000] The Cuatro Torres Business Area is in which European city?...
2026-05-03 18:11:47,717  INFO  [944/1000] The first issue of which British children’s comic was publis...
2026-05-03 18:11:49,203  INFO  [945/1000] The 1951 ‘Treaty of Peace With Japan’ which served to offici...
2026-05-03 18:11:51,399  INFO  [946/1000] The Tumut Hydroelectric Power Station is in which Australian...
2026-05-03 18:11:51,912  INFO  [947/1000] Who always holds the title of the Supreme Governor of the Ch...
2026-05-03 18:11:53,155  INFO  [948/1000] How many players are on the field in a baseball team?...
2026-05-03 18:11:53,667  INFO  [949/1000] In the poem ‘Monday’s Child’, what is Wednesday’s child full...
2026-05-03 18:11:54,254  INFO  [950/1000] In London in 1788, the ‘Daily Universal Register’ was relaun...
2026-05-03 18:11:55,511  INFO  [951/1000] Which clothing chain was founded by brothers Clemens and Aug...
2026-05-03 18:11:55,976  INFO  [952/1000] Falange was the name given to several political movements an...
2026-05-03 18:11:56,395  INFO  [953/1000] In the novel ‘Jane Eyre’ by Charlotte Bronte, what is the na...
2026-05-03 18:11:56,882  INFO  [954/1000] Which fictional character is the subject of George Frampton’...
2026-05-03 18:11:57,322  INFO  [955/1000] Who wrote the novel ‘The Prime of Miss Jean Brodie’?...
2026-05-03 18:11:59,550  INFO  [956/1000] Sindh is a province of which Asian country?...
2026-05-03 18:11:59,984  INFO  [957/1000] Madame de Pompadour and Madame du Barry were mistresses of w...
2026-05-03 18:12:00,431  INFO  [958/1000] Odontology is the scientific study of what?...
2026-05-03 18:12:00,913  INFO  [959/1000] The wine ‘Bull’s Blood’ of Eger is produced in which country...
2026-05-03 18:12:01,329  INFO  [960/1000] The 1932 film ‘The Mask of Fu Manchu’ revolves around Fu Man...
2026-05-03 18:12:02,466  INFO  [961/1000] The mask worn in the 1996 film ‘Scream’ is based on a painti...
2026-05-03 18:12:03,377  INFO  [962/1000] Which US athlete won a gold medal for the high jump in the 1...
2026-05-03 18:12:03,915  INFO  [963/1000] In which London street does fictional character Sweeney Todd...
2026-05-03 18:12:04,416  INFO  [964/1000] The Nullarbor Plain is in which country?...
2026-05-03 18:12:05,045  INFO  [965/1000] What is the official language of Nicaragua?...
2026-05-03 18:12:07,208  INFO  [966/1000] Who wrote the plays ‘The Cocktail Party’ and ‘The Family Reu...
2026-05-03 18:12:08,193  INFO  [967/1000] Used in cooking, agar-agar is a gelatin made from what?...
2026-05-03 18:12:08,777  INFO  [968/1000] The fictional character ‘Disco Stu’ appears in which US cart...
2026-05-03 18:12:09,264  INFO  [969/1000] Marie Antoinette, Queen of France and Navarre, was born in w...
2026-05-03 18:12:09,674  INFO  [970/1000] The song ‘Seventy Six Trombones’ is from which musical show?...
2026-05-03 18:12:10,640  INFO  [971/1000] Which US President was given the nickname the ‘Great Enginee...
2026-05-03 18:12:11,087  INFO  [972/1000] In the human body, what is stored in adipose tissue?...
2026-05-03 18:12:11,496  INFO  [973/1000] A craniotomy is the surgical removal of a portion of which p...
2026-05-03 18:12:12,372  INFO  [974/1000] Which country will host the 2014 FIFA World Cup?...
2026-05-03 18:12:14,671  INFO  [975/1000] Which country has the internet domain .de?...
2026-05-03 18:12:15,075  INFO  [976/1000] A sequicentenary is an anniversary of how many years?...
2026-05-03 18:12:15,617  INFO  [977/1000] What is the International Vehicle Registration for Cambodia?...
2026-05-03 18:12:16,261  INFO  [978/1000] Opera singer Leyla Gencer was born in which European country...
2026-05-03 18:12:17,605  INFO  [979/1000] In which South American country does Angostura Bitters origi...
2026-05-03 18:12:18,308  INFO  [980/1000] The Hel Peninsula is part of which European country?...
2026-05-03 18:12:18,918  INFO  [981/1000] Which US singer released a 2010 album entitled ‘The Lady Kil...
2026-05-03 18:12:19,355  INFO  [982/1000] How many months is the gestation period for an elephant?...
2026-05-03 18:12:19,876  INFO  [983/1000] Raclette, Tilsit and Sbrinz are all types of which foodstuff...
2026-05-03 18:12:20,282  INFO  [984/1000] Adam Richman takes on food challenges in which US television...
2026-05-03 18:12:20,795  INFO  [985/1000] Creme Anglaise is the French version of which English desser...
2026-05-03 18:12:21,691  INFO  [986/1000] Who was known as the ‘Waltz King’ of Vienna?...
2026-05-03 18:12:22,167  INFO  [987/1000] Erotology is the study of what?...
2026-05-03 18:12:22,601  INFO  [988/1000] ‘The King of Barataria’ is the subtitle of which Gilbert and...
2026-05-03 18:12:23,108  INFO  [989/1000] Sufferers, Locksmen and Dreads are followers of which religi...
2026-05-03 18:12:24,318  INFO  [990/1000] The 1965 film ‘The Heroes of Telemark’ is set in which Europ...
2026-05-03 18:12:26,539  INFO  [991/1000] What colour are the two stars on the national flag of Syria?...
2026-05-03 18:12:28,845  INFO  [992/1000] In humans, Duane Syndrome affects which part of the body?...
2026-05-03 18:12:29,337  INFO  [993/1000] Taphephobia is the abnormal fear of being what?...
2026-05-03 18:12:29,780  INFO  [994/1000] What relation was Louis XV of France to Louis XIV of France?...
2026-05-03 18:12:30,434  INFO  [995/1000] What type of leaves does a koala feed on?...
2026-05-03 18:12:31,025  INFO  [996/1000] What is the name of the village druid in the comic strip ‘As...
2026-05-03 18:12:31,499  INFO  [997/1000] In which English county was former British Prime minister Ma...
2026-05-03 18:12:32,399  INFO  [998/1000] In the British monarchy, who succeeded Queen Anne to the thr...
2026-05-03 18:12:32,848  INFO  [999/1000] Who directed the 1941 film ‘The Maltese Falcon’?...
2026-05-03 18:12:34,484  INFO  [1000/1000] The 1981 film ‘Chariots of Fire’ was based on the stories of...
2026-05-03 18:12:36,373  INFO  Saved 1000 rows to /Users/dhanshri/Documents/Documents - Dhanshri’s MacBook Air/PROJ651/651_project/results/inference_triviaqa_1000_1.5b.csv
2026-05-03 18:12:36,386  INFO  Accuracy: 0.361
2026-05-03 18:12:36,386  INFO  Verbalized conf missing: 0.7% (OK)
